sweep,param,algorithm,trial,time_avg_spread,min_group_reach,runtime_s,n_seeds,round0_cost,group0_reach,group1_reach,group2_reach,group3_reach,group4_reach,group5_reach
q,0.0,kkt_greedy,0,667.1333333333333,0.4995726495726497,0.21604088000003685,40,200,0.6997979797979798,0.6847272727272727,0.5540084388185655,0.5075396825396824,0.4995726495726497,0.5626190476190477
q,0.0,fair_greedy,0,644.2333333333333,0.47564102564102556,0.20913894199929928,40,200,0.6699999999999998,0.6408484848484849,0.5833333333333335,0.5531746031746033,0.47564102564102556,0.5083333333333334
q,0.0,imm,0,690.2,0.48205128205128217,0.22655605999989348,40,200,0.7305050505050504,0.6830303030303031,0.6272151898734177,0.4956349206349207,0.48205128205128217,0.5926190476190476
q,0.0,robust_kempe,0,666.1666666666666,0.5027777777777779,0.21533494499999506,32,160,0.7169696969696969,0.6602424242424242,0.5797468354430378,0.5027777777777779,0.5085470085470086,0.5321428571428571
q,0.0,mf_bwi_fair,0,769.3333333333334,0.6619658119658121,3.327531347000331,,,0.7841414141414141,0.7071515151515153,0.6934599156118143,0.7023809523809523,0.6619658119658121,0.6849999999999998
q,0.0,repeated_greedy,0,775.3666666666667,0.6071428571428573,239.9240278950001,,,0.8029292929292928,0.7416969696969696,0.7033755274261603,0.6071428571428573,0.6478632478632479,0.6697619047619046
q,0.1,kkt_greedy,0,528.2666666666667,0.2995726495726496,0.17565670699968905,40,200,0.6072727272727273,0.5356363636363636,0.4449367088607594,0.3543650793650794,0.2995726495726496,0.40809523809523807
q,0.1,fair_greedy,0,525.2,0.36282051282051275,0.16637770299985277,40,200,0.5672727272727272,0.5450909090909091,0.4632911392405062,0.40595238095238095,0.36282051282051275,0.37499999999999994
q,0.1,imm,0,536.2666666666667,0.2858974358974359,0.1762020609994579,40,200,0.5936363636363637,0.5483636363636363,0.4717299578059071,0.39206349206349206,0.2858974358974359,0.4271428571428571
q,0.1,robust_kempe,0,516.2666666666667,0.29743589743589743,0.17251544899954752,32,160,0.5822222222222222,0.5315151515151515,0.45780590717299574,0.33849206349206346,0.29743589743589743,0.3857142857142856
q,0.1,mf_bwi_fair,0,668.6333333333333,0.5924603174603174,3.2799260729998423,,,0.6563636363636364,0.6190303030303032,0.6118143459915613,0.5924603174603174,0.6081196581196583,0.6280952380952382
q,0.1,repeated_greedy,0,674.8666666666667,0.4956349206349206,213.7876326709993,,,0.7367676767676767,0.6592727272727272,0.5795358649789029,0.4956349206349206,0.5188034188034187,0.5483333333333333
q,0.2,kkt_greedy,0,431.76666666666665,0.25992063492063494,0.1499633969997376,40,200,0.5251515151515153,0.4518787878787879,0.3265822784810127,0.25992063492063494,0.26623931623931624,0.2857142857142858
q,0.2,fair_greedy,0,392.46666666666664,0.23095238095238096,0.14142192300096212,40,200,0.45020202020202016,0.43309090909090914,0.2964135021097046,0.23095238095238096,0.25940170940170926,0.27380952380952384
q,0.2,imm,0,429.26666666666665,0.21944444444444444,0.14917825199881918,40,200,0.5049494949494949,0.4590303030303031,0.3362869198312236,0.21944444444444444,0.2820512820512821,0.305952380952381
q,0.2,robust_kempe,0,406.6,0.24059829059829058,0.14169386300090991,32,160,0.4920202020202019,0.41600000000000015,0.31286919831223625,0.24404761904761907,0.24059829059829058,0.2938095238095239
q,0.2,mf_bwi_fair,0,587.5333333333333,0.5371308016877637,2.8377618599988637,,,0.5679797979797981,0.5495757575757575,0.5371308016877637,0.5384920634920635,0.54017094017094,0.5480952380952381
q,0.2,repeated_greedy,0,589.3666666666667,0.39358974358974363,184.11468752399924,,,0.674949494949495,0.5667878787878787,0.5073839662447256,0.45634920634920645,0.39358974358974363,0.43976190476190474
q,0.4,kkt_greedy,0,187.7,0.07936507936507936,0.0840284599998995,40,200,0.29464646464646466,0.15854545454545457,0.09852320675105485,0.07936507936507936,0.08888888888888889,0.12642857142857145
q,0.4,fair_greedy,0,195.13333333333333,0.10158730158730161,0.08763414100030786,40,200,0.2593939393939394,0.2015757575757576,0.12890295358649786,0.10158730158730161,0.10256410256410257,0.12285714285714283
q,0.4,imm,0,194.93333333333334,0.07857142857142854,0.08472949200040603,40,200,0.2857575757575757,0.1913939393939394,0.12447257383966243,0.07857142857142854,0.08632478632478631,0.10714285714285716
q,0.4,robust_kempe,0,135.66666666666666,0.04603174603174602,0.06809942700056126,32,160,0.19343434343434343,0.13224242424242424,0.07151898734177216,0.04603174603174602,0.04743589743589743,0.11857142857142855
q,0.4,mf_bwi_fair,0,444.8666666666667,0.4054852320675105,2.794308122000075,,,0.4205050505050504,0.4144242424242424,0.4054852320675105,0.4325396825396825,0.4200854700854701,0.4211904761904763
q,0.4,repeated_greedy,0,449.0,0.24871794871794867,141.4006738700009,,,0.5541414141414142,0.4301818181818183,0.368776371308017,0.31904761904761914,0.24871794871794867,0.3097619047619048
q,0.0,kkt_greedy,1,692.0666666666667,0.4743589743589742,0.23651659100141842,40,200,0.7606060606060605,0.6876363636363636,0.5871308016877637,0.49682539682539684,0.4743589743589742,0.5747619047619048
q,0.0,fair_greedy,1,666.7,0.486111111111111,0.20744055099930847,40,200,0.7001010101010101,0.6533333333333332,0.5848101265822785,0.486111111111111,0.5115384615384617,0.5919047619047618
q,0.0,imm,1,682.0666666666667,0.44880952380952366,0.21695099200042023,40,200,0.7443434343434344,0.6997575757575756,0.5533755274261604,0.44880952380952366,0.4858974358974359,0.5783333333333335
q,0.0,robust_kempe,1,621.9,0.4282051282051282,0.19137579100060975,30,150,0.6668686868686869,0.6372121212121212,0.5105485232067511,0.5226190476190476,0.4282051282051282,0.49023809523809525
q,0.0,mf_bwi_fair,1,757.5333333333333,0.6599206349206349,3.437317238000105,,,0.76010101010101,0.7054545454545453,0.6883966244725738,0.6599206349206349,0.6628205128205129,0.6914285714285714
q,0.0,repeated_greedy,1,780.0333333333333,0.6094017094017095,243.36048028000005,,,0.8109090909090909,0.7504242424242425,0.7069620253164554,0.6603174603174602,0.6094017094017095,0.6526190476190478
q,0.1,kkt_greedy,1,537.8666666666667,0.29658119658119664,0.1755832630005898,40,200,0.6122222222222221,0.5814545454545456,0.43523206751054844,0.3607142857142857,0.29658119658119664,0.38380952380952377
q,0.1,fair_greedy,1,515.6,0.2765873015873016,0.16979087499930756,40,200,0.5712121212121214,0.5326060606060606,0.470675105485232,0.2765873015873016,0.31239316239316234,0.4190476190476191
q,0.1,imm,1,559.0333333333333,0.3128205128205128,0.18122335900079634,40,200,0.636060606060606,0.5991515151515153,0.45084388185654,0.3658730158730158,0.3128205128205128,0.41428571428571426
q,0.1,robust_kempe,1,527.7333333333333,0.33247863247863246,0.1777639049996651,30,150,0.6164646464646465,0.5463030303030304,0.39261603375527426,0.3698412698412699,0.33247863247863246,0.3930952380952381
q,0.1,mf_bwi_fair,1,667.2666666666667,0.5944444444444447,3.0664051479998307,,,0.6581818181818182,0.6162424242424243,0.6118143459915613,0.5944444444444447,0.6094017094017096,0.6176190476190477
q,0.1,repeated_greedy,1,674.1333333333333,0.45256410256410246,214.67489935999947,,,0.7426262626262626,0.6735757575757576,0.5514767932489452,0.515079365079365,0.45256410256410246,0.558095238095238
q,0.2,kkt_greedy,1,402.96666666666664,0.1908730158730158,0.13722046300063084,40,200,0.4932323232323232,0.4477575757575758,0.2995780590717299,0.1908730158730158,0.23205128205128203,0.2542857142857143
q,0.2,fair_greedy,1,396.06666666666666,0.20769230769230765,0.13546549899911042,40,200,0.47464646464646465,0.40024242424242434,0.32172995780590713,0.2376984126984127,0.20769230769230765,0.3026190476190476
q,0.2,imm,1,425.6333333333333,0.22179487179487184,0.14308989500023017,40,200,0.504848484848485,0.4614545454545455,0.31054852320675097,0.24920634920634913,0.22179487179487184,0.32023809523809527
q,0.2,robust_kempe,1,384.9,0.19529914529914524,0.1357930789999955,30,150,0.508080808080808,0.37309090909090903,0.2797468354430379,0.21388888888888885,0.19529914529914524,0.26595238095238105
q,0.2,mf_bwi_fair,1,567.0,0.5179487179487178,2.860874292999142,,,0.544040404040404,0.5238787878787879,0.5284810126582278,0.5353174603174603,0.5179487179487178,0.5323809523809523
q,0.2,repeated_greedy,1,589.5,0.39444444444444454,199.69397886700062,,,0.6485858585858585,0.5854545454545456,0.5145569620253164,0.403174603174603,0.39444444444444454,0.4895238095238096
q,0.4,kkt_greedy,1,196.56666666666666,0.06153846153846154,0.09028856700024335,40,200,0.2768686868686868,0.22193939393939396,0.10928270042194092,0.0904761904761905,0.06153846153846154,0.10357142857142858
q,0.4,fair_greedy,1,189.2,0.07905982905982903,0.08732039100141264,40,200,0.2712121212121212,0.191030303030303,0.09599156118143459,0.11150793650793649,0.07905982905982903,0.11761904761904765
q,0.4,imm,1,211.06666666666666,0.0641025641025641,0.09978992600008496,40,200,0.29676767676767674,0.2264242424242424,0.13818565400843885,0.08373015873015872,0.0641025641025641,0.12142857142857141
q,0.4,robust_kempe,1,160.8,0.07777777777777779,0.07847427100023197,30,150,0.24222222222222217,0.1564848484848485,0.08628691983122364,0.07896825396825397,0.07777777777777779,0.08214285714285714
q,0.4,mf_bwi_fair,1,443.3333333333333,0.40763636363636363,2.865908125000715,,,0.4176767676767677,0.40763636363636363,0.4204641350210971,0.42936507936507934,0.4149572649572649,0.4180952380952381
q,0.4,repeated_greedy,1,432.6666666666667,0.2579365079365079,134.135527421,,,0.4996969696969697,0.43975757575757574,0.3869198312236286,0.2579365079365079,0.2888888888888889,0.29642857142857143
q,0.0,kkt_greedy,2,681.0666666666667,0.46752136752136747,0.2183217109995894,40,200,0.7417171717171717,0.6770909090909091,0.579535864978903,0.526984126984127,0.46752136752136747,0.5557142857142857
q,0.0,fair_greedy,2,645.4,0.5068376068376069,0.20729167699937534,40,200,0.669191919191919,0.651878787878788,0.5544303797468354,0.5182539682539684,0.5068376068376069,0.5330952380952381
q,0.0,imm,2,699.9666666666667,0.4089743589743591,0.226128571001027,40,200,0.7369696969696968,0.7065454545454545,0.6335443037974683,0.5623015873015873,0.4089743589743591,0.5945238095238097
q,0.0,robust_kempe,2,679.4333333333333,0.4956349206349206,0.21482763499989233,31,155,0.7472727272727273,0.6730909090909091,0.5740506329113922,0.4956349206349206,0.515811965811966,0.5369047619047619
q,0.0,mf_bwi_fair,2,766.5333333333333,0.6807692307692308,3.3528507790015283,,,0.7718181818181818,0.7075151515151515,0.6875527426160338,0.7023809523809524,0.6807692307692308,0.6895238095238095
q,0.0,repeated_greedy,2,774.9,0.6297619047619047,239.05550270300046,,,0.8219191919191918,0.7134545454545453,0.6841772151898732,0.6297619047619047,0.6311965811965813,0.6945238095238094
q,0.1,kkt_greedy,2,553.1333333333333,0.34358974358974353,0.17994634299975587,40,200,0.6358585858585858,0.579030303030303,0.44704641350210983,0.37460317460317455,0.34358974358974353,0.394047619047619
q,0.1,fair_greedy,2,533.6666666666666,0.3598290598290598,0.16964462200121488,40,200,0.5635353535353536,0.5558787878787879,0.49282700421940945,0.41944444444444434,0.3598290598290598,0.38333333333333336
q,0.1,imm,2,561.2666666666667,0.33717948717948715,0.18394810000063444,40,200,0.6319191919191919,0.5556363636363636,0.48206751054852315,0.3900793650793651,0.33717948717948715,0.46214285714285713
q,0.1,robust_kempe,2,490.3,0.28034188034188035,0.16526248499940266,31,155,0.5773737373737373,0.4975757575757576,0.40738396624472567,0.3103174603174602,0.28034188034188035,0.3616666666666666
q,0.1,mf_bwi_fair,2,667.5666666666667,0.5910256410256413,2.8138723350002692,,,0.6561616161616163,0.6237575757575758,0.618987341772152,0.6138888888888889,0.5910256410256413,0.6002380952380951
q,0.1,repeated_greedy,2,671.7,0.4376068376068375,211.5170787670013,,,0.7328282828282829,0.6555151515151516,0.6002109704641351,0.5154761904761904,0.4376068376068375,0.5523809523809523
q,0.2,kkt_greedy,2,374.3,0.15598290598290598,0.13919752899892046,40,200,0.4745454545454546,0.4078787878787879,0.2721518987341773,0.19007936507936501,0.15598290598290598,0.2457142857142858
q,0.2,fair_greedy,2,378.23333333333335,0.20598290598290603,0.13405702300042321,40,200,0.4736363636363637,0.40606060606060607,0.2455696202531645,0.22460317460317458,0.20598290598290603,0.260952380952381
q,0.2,imm,2,435.06666666666666,0.26538461538461544,0.14582150200112665,40,200,0.5109090909090908,0.46545454545454557,0.32911392405063294,0.2674603174603174,0.26538461538461544,0.3092857142857143
q,0.2,robust_kempe,2,419.76666666666665,0.2141025641025641,0.14459574699867517,31,155,0.5084848484848485,0.4414545454545455,0.3411392405063291,0.2488095238095238,0.2141025641025641,0.2790476190476191
q,0.2,mf_bwi_fair,2,595.4,0.5395151515151515,2.8301695629997994,,,0.5796969696969698,0.5395151515151515,0.5489451476793248,0.5603174603174602,0.5653846153846155,0.5559523809523809
q,0.2,repeated_greedy,2,591.3666666666667,0.39960317460317457,187.03189702499913,,,0.6701010101010101,0.5781818181818184,0.5151898734177215,0.39960317460317457,0.40897435897435896,0.45976190476190476
q,0.4,kkt_greedy,2,219.3,0.07307692307692307,0.09265724499891803,40,200,0.3030303030303029,0.25042424242424244,0.11666666666666668,0.09325396825396823,0.07307692307692307,0.1319047619047619
q,0.4,fair_greedy,2,175.33333333333334,0.08162393162393163,0.07893435500045598,40,200,0.2325252525252525,0.18218181818181822,0.12130801687763713,0.09087301587301586,0.08162393162393163,0.10952380952380955
q,0.4,imm,2,216.76666666666668,0.08846153846153844,0.08997515000010026,40,200,0.31303030303030305,0.2069090909090909,0.1360759493670886,0.09484126984126987,0.08846153846153844,0.14428571428571432
q,0.4,robust_kempe,2,176.2,0.047008547008547,0.07885671500116587,31,155,0.24666666666666665,0.1812121212121212,0.13586497890295357,0.08611111111111111,0.047008547008547,0.09
q,0.4,mf_bwi_fair,2,437.8333333333333,0.40278787878787875,2.8311001120000583,,,0.41696969696969693,0.40278787878787875,0.4086497890295358,0.41984126984126985,0.40769230769230774,0.4130952380952381
q,0.4,repeated_greedy,2,431.0,0.22936507936507936,135.54026490099932,,,0.5214141414141413,0.43757575757575745,0.3278481012658228,0.22936507936507936,0.26495726495726485,0.3347619047619048
q,0.0,kkt_greedy,3,689.6333333333333,0.4841269841269842,0.22813373200006026,40,200,0.7289898989898991,0.6781818181818181,0.6215189873417721,0.4841269841269842,0.5162393162393165,0.5959523809523811
q,0.0,fair_greedy,3,647.6,0.49920634920634915,0.22209522299999662,40,200,0.6763636363636364,0.6196363636363638,0.6033755274261602,0.49920634920634915,0.5115384615384616,0.5488095238095239
q,0.0,imm,3,692.6333333333333,0.4923076923076922,0.22683490900089964,40,200,0.7496969696969698,0.686060606060606,0.5820675105485232,0.4964285714285715,0.4923076923076922,0.6035714285714285
q,0.0,robust_kempe,3,637.5333333333333,0.4303418803418803,0.206356415999835,28,140,0.7026262626262626,0.6452121212121212,0.5248945147679326,0.47222222222222215,0.4303418803418803,0.5147619047619049
q,0.0,mf_bwi_fair,3,768.6,0.6742063492063491,3.3564954579996993,,,0.7779797979797979,0.7122424242424242,0.6928270042194092,0.6742063492063491,0.6799145299145299,0.6919047619047619
q,0.0,repeated_greedy,3,791.2,0.6642857142857143,246.94408036200002,,,0.8192929292929295,0.743030303030303,0.7162447257383966,0.6642857142857143,0.6726495726495728,0.679047619047619
q,0.1,kkt_greedy,3,530.7666666666667,0.32857142857142857,0.17542689200126915,40,200,0.5988888888888888,0.5367272727272727,0.4729957805907173,0.32857142857142857,0.3307692307692308,0.41000000000000003
q,0.1,fair_greedy,3,547.6333333333333,0.3324786324786325,0.179965778001133,40,200,0.6241414141414143,0.5584242424242425,0.45042194092827,0.3654761904761905,0.3324786324786325,0.43071428571428566
q,0.1,imm,3,563.2,0.38205128205128197,0.18022184100118466,40,200,0.6436363636363638,0.5738181818181818,0.45147679324894513,0.3865079365079365,0.38205128205128197,0.42428571428571427
q,0.1,robust_kempe,3,512.1,0.2849206349206349,0.16411059300116904,28,140,0.578181818181818,0.5578181818181819,0.3812236286919831,0.2849206349206349,0.3316239316239316,0.4133333333333332
q,0.1,mf_bwi_fair,3,678.6,0.6119047619047621,2.9791873750000377,,,0.6778787878787877,0.6255757575757575,0.6120253164556962,0.6119047619047621,0.6123931623931625,0.6214285714285714
q,0.1,repeated_greedy,3,676.2666666666667,0.48418803418803397,227.429928911999,,,0.741919191919192,0.6488484848484851,0.5915611814345992,0.5158730158730159,0.48418803418803397,0.5602380952380951
q,0.2,kkt_greedy,3,418.4,0.20427350427350427,0.15397209999900952,40,200,0.4986868686868687,0.4369696969696969,0.3535864978902953,0.25357142857142856,0.20427350427350427,0.28976190476190483
q,0.2,fair_greedy,3,419.3666666666667,0.25384615384615394,0.15275024899892742,40,200,0.4844444444444445,0.4398787878787878,0.35,0.2642857142857142,0.25384615384615394,0.2945238095238096
q,0.2,imm,3,445.6666666666667,0.2653846153846154,0.1558893520013953,40,200,0.544141414141414,0.47393939393939394,0.3154008438818565,0.29444444444444445,0.2653846153846154,0.28928571428571437
q,0.2,robust_kempe,3,386.3666666666667,0.2012820512820513,0.15808184299930872,28,140,0.5032323232323231,0.3889696969696969,0.2848101265822785,0.21746031746031744,0.2012820512820513,0.24547619047619054
q,0.2,mf_bwi_fair,3,591.1666666666666,0.5371308016877637,2.9618770119996043,,,0.562929292929293,0.5544242424242423,0.5371308016877637,0.5476190476190476,0.564102564102564,0.5576190476190476
q,0.2,repeated_greedy,3,578.5666666666667,0.3901709401709402,192.89399450199926,,,0.6791919191919192,0.5545454545454546,0.4455696202531645,0.42023809523809513,0.3901709401709402,0.46999999999999986
q,0.4,kkt_greedy,3,189.7,0.09476190476190476,0.08551711799918849,40,200,0.2803030303030303,0.19200000000000003,0.09767932489451478,0.09484126984126982,0.09914529914529917,0.09476190476190476
q,0.4,fair_greedy,3,169.2,0.07008547008547009,0.079647307000414,40,200,0.2309090909090909,0.19199999999999998,0.10021097046413502,0.08214285714285716,0.07008547008547009,0.0857142857142857
q,0.4,imm,3,200.76666666666668,0.08760683760683759,0.08721031599998241,40,200,0.2745454545454546,0.23018181818181815,0.0951476793248945,0.10357142857142858,0.08760683760683759,0.11642857142857142
q,0.4,robust_kempe,3,119.7,0.03333333333333333,0.06584664100046211,28,140,0.1841414141414142,0.12072727272727272,0.05485232067510549,0.04642857142857142,0.03333333333333333,0.07547619047619047
q,0.4,mf_bwi_fair,3,436.46666666666664,0.40421940928270045,2.8319874469998467,,,0.4093939393939395,0.40521212121212113,0.40421940928270045,0.4218253968253967,0.4243589743589743,0.41095238095238096
q,0.4,repeated_greedy,3,410.1,0.23461538461538456,128.7232046930003,,,0.49262626262626263,0.4232727272727273,0.3143459915611814,0.2531746031746031,0.23461538461538456,0.2992857142857144
q,0.0,kkt_greedy,4,659.4666666666667,0.45641025641025623,0.22709592600040196,40,200,0.7265656565656565,0.679151515151515,0.5274261603375526,0.4595238095238096,0.45641025641025623,0.5385714285714286
q,0.0,fair_greedy,4,663.9333333333333,0.48504273504273493,0.2147760179996112,40,200,0.6931313131313132,0.6412121212121211,0.613713080168776,0.501984126984127,0.48504273504273493,0.5850000000000001
q,0.0,imm,4,674.4333333333333,0.44206349206349205,0.22515608700086887,40,200,0.7418181818181818,0.6943030303030302,0.5723628691983124,0.44206349206349205,0.4803418803418802,0.5261904761904762
q,0.0,robust_kempe,4,658.1,0.45170940170940166,0.2158388340012607,29,145,0.7180808080808081,0.6539393939393938,0.5584388185654009,0.48333333333333334,0.45170940170940166,0.5516666666666666
q,0.0,mf_bwi_fair,4,765.9666666666667,0.6576923076923078,3.1591399179997097,,,0.7815151515151515,0.7174545454545455,0.6879746835443037,0.6793650793650791,0.6576923076923078,0.6692857142857142
q,0.0,repeated_greedy,4,780.9,0.6401709401709402,245.301669511,,,0.8184848484848483,0.7423030303030305,0.6871308016877636,0.6626984126984128,0.6401709401709402,0.6607142857142857
q,0.1,kkt_greedy,4,538.3666666666667,0.31495726495726495,0.18127369499961787,40,200,0.615959595959596,0.5928484848484847,0.39662447257383965,0.3384920634920635,0.31495726495726495,0.40285714285714286
q,0.1,fair_greedy,4,490.53333333333336,0.29404761904761906,0.16191863200037915,40,200,0.5446464646464647,0.49915151515151523,0.42552742616033756,0.29404761904761906,0.3307692307692307,0.3985714285714285
q,0.1,imm,4,559.7333333333333,0.3226495726495726,0.1890673310008424,40,200,0.6651515151515152,0.5853333333333333,0.43417721518987346,0.390079365079365,0.3226495726495726,0.37666666666666665
q,0.1,robust_kempe,4,532.8666666666667,0.3132478632478633,0.17857904899938148,29,145,0.6134343434343436,0.5442424242424243,0.4590717299578059,0.34365079365079365,0.3132478632478633,0.39238095238095233
q,0.1,mf_bwi_fair,4,666.8,0.5944444444444444,3.040007768999203,,,0.6624242424242424,0.6172121212121213,0.6061181434599155,0.6146825396825398,0.5944444444444444,0.6050000000000002
q,0.1,repeated_greedy,4,665.6666666666666,0.45897435897435884,218.86093888200048,,,0.7441414141414141,0.6567272727272727,0.5398734177215191,0.47063492063492063,0.45897435897435884,0.5633333333333331
q,0.2,kkt_greedy,4,387.4,0.21068376068376066,0.1394392300007894,40,200,0.4682828282828282,0.41478787878787876,0.30801687763713087,0.22063492063492063,0.21068376068376066,0.2511904761904762
q,0.2,fair_greedy,4,388.4,0.2226190476190476,0.1371799580010702,40,200,0.4626262626262626,0.410060606060606,0.2945147679324894,0.2226190476190476,0.2346153846153846,0.2816666666666667
q,0.2,imm,4,428.0,0.2004273504273504,0.14667619299871149,40,200,0.5256565656565656,0.45999999999999996,0.3324894514767933,0.23809523809523805,0.2004273504273504,0.2847619047619048
q,0.2,robust_kempe,4,388.56666666666666,0.2123931623931624,0.1387798539999494,29,145,0.48131313131313136,0.4063030303030304,0.2812236286919832,0.22142857142857145,0.2123931623931624,0.27428571428571424
q,0.2,mf_bwi_fair,4,566.8,0.5079365079365079,2.9887906050007587,,,0.5572727272727271,0.5133333333333333,0.5185654008438819,0.5079365079365079,0.5290598290598292,0.5419047619047618
q,0.2,repeated_greedy,4,588.9333333333333,0.38290598290598293,188.8757660880001,,,0.6809090909090908,0.558060606060606,0.49029535864978907,0.3884920634920635,0.38290598290598293,0.5057142857142857
q,0.4,kkt_greedy,4,154.93333333333334,0.04404761904761905,0.07511016700118489,40,200,0.21424242424242423,0.19066666666666665,0.08059071729957806,0.04404761904761905,0.06324786324786323,0.07452380952380952
q,0.4,fair_greedy,4,161.33333333333334,0.04615384615384615,0.0759702319992357,40,200,0.24383838383838385,0.15987878787878784,0.09767932489451477,0.0642857142857143,0.04615384615384615,0.08904761904761903
q,0.4,imm,4,198.5,0.07215189873417721,0.08619858999918506,40,200,0.28505050505050505,0.2387878787878788,0.07215189873417721,0.08769841269841269,0.07735042735042734,0.09976190476190476
q,0.4,robust_kempe,4,183.73333333333332,0.06507936507936507,0.08196723900073266,29,145,0.26343434343434347,0.1947878787878788,0.11202531645569619,0.06507936507936507,0.07264957264957266,0.10285714285714284
q,0.4,mf_bwi_fair,4,430.93333333333334,0.3919831223628692,2.8958338949996687,,,0.4112121212121213,0.4014545454545455,0.3919831223628692,0.41150793650793643,0.4025641025641026,0.4066666666666668
q,0.4,repeated_greedy,4,423.26666666666665,0.24572649572649571,137.95207444300104,,,0.5305050505050505,0.419151515151515,0.3162447257383966,0.2873015873015872,0.24572649572649571,0.2833333333333333
q,0.0,kkt_greedy,5,671.9333333333333,0.4683760683760684,0.21797807500115596,40,200,0.7042424242424243,0.6726060606060605,0.6457805907172994,0.47738095238095235,0.4683760683760684,0.5421428571428574
q,0.0,fair_greedy,5,651.5666666666667,0.5226495726495728,0.2081447479995404,40,200,0.6943434343434343,0.6303030303030303,0.5554852320675107,0.5273809523809523,0.5226495726495728,0.5447619047619047
q,0.0,imm,5,691.5666666666667,0.4534188034188036,0.21847462699952303,40,200,0.7542424242424243,0.6935757575757576,0.5974683544303796,0.5214285714285716,0.4534188034188036,0.5597619047619047
q,0.0,robust_kempe,5,618.0666666666667,0.44401709401709405,0.19459387300048547,33,165,0.6638383838383838,0.5893333333333334,0.5675105485232067,0.45833333333333326,0.44401709401709405,0.5295238095238096
q,0.0,mf_bwi_fair,5,769.6333333333333,0.6572649572649573,3.3842235489992163,,,0.7814141414141413,0.7191515151515151,0.6896624472573839,0.6845238095238095,0.6572649572649573,0.6876190476190475
q,0.0,repeated_greedy,5,771.7666666666667,0.6136752136752138,240.01306595300048,,,0.8153535353535354,0.7092121212121214,0.7082278481012658,0.6714285714285714,0.6136752136752138,0.6535714285714286
q,0.1,kkt_greedy,5,549.7333333333333,0.347008547008547,0.1841746019999846,40,200,0.620909090909091,0.5463030303030304,0.48902953586497894,0.348015873015873,0.347008547008547,0.4359523809523808
q,0.1,fair_greedy,5,515.9,0.3358974358974359,0.1986020969998208,40,200,0.5892929292929293,0.5118787878787878,0.4238396624472573,0.33928571428571425,0.3358974358974359,0.4214285714285714
q,0.1,imm,5,524.9333333333333,0.27350427350427353,0.17431525100073486,40,200,0.604040404040404,0.5472727272727272,0.43945147679324903,0.34722222222222227,0.27350427350427353,0.39404761904761915
q,0.1,robust_kempe,5,492.8333333333333,0.30341880341880345,0.16419725399828167,33,165,0.566060606060606,0.4876363636363637,0.41898734177215186,0.3146825396825397,0.30341880341880345,0.39738095238095233
q,0.1,mf_bwi_fair,5,637.4666666666667,0.5757936507936507,2.96983587899922,,,0.6156565656565657,0.6000000000000001,0.5862869198312237,0.5757936507936507,0.5811965811965814,0.5926190476190477
q,0.1,repeated_greedy,5,678.0333333333333,0.45128205128205123,214.9385942989993,,,0.7534343434343433,0.6518787878787878,0.5945147679324893,0.49960317460317455,0.45128205128205123,0.5645238095238093
q,0.2,kkt_greedy,5,402.0,0.1961538461538462,0.1412064920004923,40,200,0.47666666666666674,0.4419393939393939,0.3210970464135021,0.2519841269841269,0.1961538461538462,0.25690476190476197
q,0.2,fair_greedy,5,384.8333333333333,0.20555555555555555,0.13173477700001968,40,200,0.45808080808080803,0.4166060606060606,0.2852320675105485,0.20555555555555555,0.21709401709401704,0.28452380952380957
q,0.2,imm,5,428.6333333333333,0.25427350427350437,0.14248274900091928,40,200,0.5173737373737375,0.4534545454545455,0.3242616033755274,0.25515873015873014,0.25427350427350437,0.29071428571428576
q,0.2,robust_kempe,5,403.46666666666664,0.2123015873015873,0.13859397699889087,33,165,0.49555555555555564,0.4170909090909091,0.28586497890295365,0.2123015873015873,0.22307692307692303,0.32023809523809527
q,0.2,mf_bwi_fair,5,580.8666666666667,0.5299145299145297,3.0536131439985184,,,0.5642424242424244,0.5435151515151515,0.5312236286919831,0.5444444444444445,0.5299145299145297,0.5299999999999998
q,0.2,repeated_greedy,5,575.1,0.38055555555555554,181.6788214570006,,,0.6480808080808079,0.5443636363636363,0.5135021097046413,0.38055555555555554,0.39059829059829065,0.48547619047619056
q,0.4,kkt_greedy,5,209.53333333333333,0.08373015873015871,0.08976497999901767,40,200,0.27939393939393936,0.21066666666666664,0.16181434599156122,0.08373015873015871,0.08675213675213672,0.14309523809523808
q,0.4,fair_greedy,5,181.7,0.08205128205128204,0.08159809499920812,40,200,0.2474747474747475,0.20993939393939395,0.09324894514767931,0.08412698412698413,0.08205128205128204,0.1007142857142857
q,0.4,imm,5,186.73333333333332,0.09700854700854701,0.08321694099868182,40,200,0.26222222222222225,0.188,0.11075949367088606,0.10793650793650793,0.09700854700854701,0.10261904761904761
q,0.4,robust_kempe,5,160.13333333333333,0.06388888888888888,0.07685421499991207,33,165,0.22393939393939397,0.1798787878787879,0.09789029535864979,0.06388888888888888,0.07521367521367522,0.0719047619047619
q,0.4,mf_bwi_fair,5,437.53333333333336,0.3981012658227848,2.9368006339991553,,,0.41939393939393926,0.4075151515151515,0.3981012658227848,0.41706349206349197,0.4047008547008547,0.4111904761904763
q,0.4,repeated_greedy,5,439.8666666666667,0.261965811965812,140.56818898300116,,,0.5376767676767676,0.42400000000000004,0.3641350210970465,0.30396825396825394,0.261965811965812,0.30238095238095236
