sweep,param,algorithm,trial,time_avg_spread,min_group_reach,runtime_s,n_seeds,round0_cost,group0_reach,group1_reach,group2_reach
q,0.0,kkt_greedy,0,145.7,0.8553571428571427,0.10697966499998302,20,100,0.8566137566137567,0.8553571428571427,0.8945578231292514
q,0.0,fair_greedy,0,147.03333333333333,0.8624338624338626,0.10442558700003701,20,100,0.8624338624338626,0.8910714285714284,0.873469387755102
q,0.0,imm,0,146.86666666666667,0.856547619047619,0.1084936080000034,20,100,0.8761904761904764,0.856547619047619,0.8918367346938773
q,0.0,robust_kempe,0,147.03333333333333,0.8601190476190476,0.10270705099998167,13,65,0.8746031746031748,0.8601190476190476,0.8931972789115645
q,0.0,mf_bwi_fair,0,150.73333333333332,0.8941798941798942,1.2265883110000004,,,0.8941798941798942,0.8988095238095238,0.8993197278911566
q,0.0,repeated_greedy,0,150.03333333333333,0.8789115646258502,17.28671202999999,,,0.9031746031746033,0.894047619047619,0.8789115646258502
q,0.05,kkt_greedy,0,139.43333333333334,0.788095238095238,0.09483358300002465,20,100,0.8476190476190478,0.788095238095238,0.8551020408163262
q,0.05,fair_greedy,0,142.8,0.8476190476190477,0.0981648069999892,20,100,0.8486772486772488,0.8476190476190477,0.8544217687074828
q,0.05,imm,0,145.0,0.8481481481481483,0.09695549200000642,20,100,0.8481481481481483,0.8666666666666665,0.8782312925170067
q,0.05,robust_kempe,0,141.96666666666667,0.8306122448979593,0.09371913200004656,13,65,0.8449735449735452,0.8577380952380953,0.8306122448979593
q,0.05,mf_bwi_fair,0,148.56666666666666,0.8751322751322752,1.2548701820000474,,,0.8751322751322752,0.8833333333333336,0.897278911564626
q,0.05,repeated_greedy,0,147.13333333333333,0.8693121693121694,16.624873856000022,,,0.8693121693121694,0.8827380952380955,0.876190476190476
q,0.1,kkt_greedy,0,135.7,0.7910714285714284,0.08682126799999423,20,100,0.8026455026455028,0.7910714285714284,0.8333333333333335
q,0.1,fair_greedy,0,139.6,0.8169312169312172,0.08961005300000124,20,100,0.8169312169312172,0.8285714285714284,0.8517006802721087
q,0.1,imm,0,139.1,0.8164021164021167,0.09099069100000179,20,100,0.8164021164021167,0.8220238095238096,0.8496598639455784
q,0.1,robust_kempe,0,135.56666666666666,0.7931972789115646,0.0900046269999848,13,65,0.8105820105820108,0.8148809523809523,0.7931972789115646
q,0.1,mf_bwi_fair,0,147.23333333333332,0.8702380952380949,1.2611347420000243,,,0.880952380952381,0.8702380952380949,0.8775510204081634
q,0.1,repeated_greedy,0,144.3,0.8394557823129248,16.610240109000017,,,0.8687830687830689,0.8648809523809525,0.8394557823129248
q,0.2,kkt_greedy,0,125.63333333333334,0.7172619047619049,0.07949873199999047,20,100,0.7846560846560849,0.7172619047619049,0.7353741496598638
q,0.2,fair_greedy,0,131.53333333333333,0.7650793650793655,0.0848232560000497,20,100,0.7650793650793655,0.7875000000000001,0.8006802721088433
q,0.2,imm,0,124.26666666666667,0.707482993197279,0.07911911700000474,20,100,0.7550264550264554,0.750595238095238,0.707482993197279
q,0.2,robust_kempe,0,126.13333333333334,0.7452380952380951,0.07989506500001653,13,65,0.75978835978836,0.7452380952380951,0.7455782312925171
q,0.2,mf_bwi_fair,0,142.56666666666666,0.841798941798942,1.1987356169999543,,,0.841798941798942,0.8511904761904762,0.854421768707483
q,0.2,repeated_greedy,0,139.76666666666668,0.8183673469387754,15.951283660000001,,,0.8365079365079368,0.8386904761904763,0.8183673469387754
q,0.4,kkt_greedy,0,109.5,0.6248677248677249,0.10098966399999654,20,100,0.6248677248677249,0.6380952380952379,0.7020408163265306
q,0.4,fair_greedy,0,110.13333333333334,0.6407407407407407,0.06077042399999755,20,100,0.6407407407407407,0.6482142857142859,0.6829931972789114
q,0.4,imm,0,110.66666666666667,0.6291005291005292,0.053683243999998354,20,100,0.6291005291005292,0.6803571428571427,0.6721088435374151
q,0.4,robust_kempe,0,108.76666666666667,0.6122448979591836,0.052341209999994476,13,65,0.6624338624338625,0.6613095238095237,0.6122448979591836
q,0.4,mf_bwi_fair,0,139.06666666666666,0.8202380952380952,0.9003070269999967,,,0.8243386243386246,0.8202380952380952,0.8408163265306122
q,0.4,repeated_greedy,0,134.93333333333334,0.7884353741496598,11.838246903000005,,,0.7915343915343918,0.8291666666666667,0.7884353741496598
q,0.0,kkt_greedy,1,145.46666666666667,0.8591836734693874,0.11953608600001076,20,100,0.8671957671957673,0.8702380952380954,0.8591836734693874
q,0.0,fair_greedy,1,149.46666666666667,0.8833333333333334,0.09913364499999489,20,100,0.8915343915343917,0.8833333333333334,0.8945578231292518
q,0.0,imm,1,148.56666666666666,0.8583333333333335,0.09391310000000885,20,100,0.8857142857142859,0.8583333333333335,0.9122448979591834
q,0.0,robust_kempe,1,143.8,0.8440476190476188,0.09592407300000616,12,60,0.8666666666666668,0.8440476190476188,0.8557823129251699
q,0.0,mf_bwi_fair,1,148.8,0.880952380952381,1.1219091220000053,,,0.8904761904761905,0.8845238095238097,0.880952380952381
q,0.0,repeated_greedy,1,149.33333333333334,0.8768707482993198,15.564555051,,,0.9015873015873016,0.8851190476190478,0.8768707482993198
q,0.05,kkt_greedy,1,142.03333333333333,0.8259259259259261,0.09669351700000561,20,100,0.8259259259259261,0.8500000000000001,0.8653061224489796
q,0.05,fair_greedy,1,142.2,0.824404761904762,0.09008045999999581,20,100,0.8396825396825399,0.824404761904762,0.8802721088435376
q,0.05,imm,1,143.7,0.8458333333333332,0.10058134000000507,20,100,0.8613756613756615,0.8458333333333332,0.8585034013605441
q,0.05,robust_kempe,1,140.96666666666667,0.8183673469387754,0.09261326000000736,12,60,0.8497354497354499,0.8452380952380952,0.8183673469387754
q,0.05,mf_bwi_fair,1,148.2,0.870899470899471,1.1105594370000063,,,0.870899470899471,0.8821428571428572,0.8965986394557823
q,0.05,repeated_greedy,1,148.13333333333333,0.8619047619047622,16.592431756999986,,,0.8783068783068785,0.9029761904761906,0.8619047619047622
q,0.1,kkt_greedy,1,137.3,0.8040816326530612,0.08653799800001138,20,100,0.8126984126984129,0.8339285714285715,0.8040816326530612
q,0.1,fair_greedy,1,136.46666666666667,0.8017857142857143,0.088849453000023,20,100,0.8105820105820108,0.8017857142857143,0.826530612244898
q,0.1,imm,1,142.73333333333332,0.8465608465608467,0.09203637900000672,20,100,0.8465608465608467,0.8529761904761906,0.8496598639455782
q,0.1,robust_kempe,1,136.46666666666667,0.8006802721088434,0.0872772300000122,12,60,0.8206349206349209,0.813095238095238,0.8006802721088434
q,0.1,mf_bwi_fair,1,147.96666666666667,0.8714285714285717,1.15834113599999,,,0.8714285714285717,0.8809523809523813,0.8925170068027212
q,0.1,repeated_greedy,1,146.36666666666667,0.8551020408163266,16.018962525000006,,,0.8814814814814815,0.8738095238095238,0.8551020408163266
q,0.2,kkt_greedy,1,129.03333333333333,0.7496598639455782,0.0950187110000229,20,100,0.787830687830688,0.7619047619047621,0.7496598639455782
q,0.2,fair_greedy,1,130.33333333333334,0.7535714285714284,0.1214439119999895,20,100,0.767724867724868,0.7535714285714284,0.8115646258503403
q,0.2,imm,1,130.93333333333334,0.7476190476190477,0.07252070599997751,20,100,0.7825396825396829,0.7476190476190477,0.8115646258503404
q,0.2,robust_kempe,1,125.4,0.7291666666666667,0.0658410940000067,12,60,0.7640211640211644,0.7291666666666667,0.7435374149659865
q,0.2,mf_bwi_fair,1,143.2,0.8481481481481483,0.9434398309999779,,,0.8481481481481483,0.8482142857142857,0.8625850340136052
q,0.2,repeated_greedy,1,142.3,0.8319727891156461,13.705803347,,,0.8560846560846562,0.8499999999999999,0.8319727891156461
q,0.4,kkt_greedy,1,110.5,0.6433862433862434,0.053157935000001544,20,100,0.6433862433862434,0.6577380952380951,0.676190476190476
q,0.4,fair_greedy,1,107.83333333333333,0.6226190476190478,0.05032356899999968,20,100,0.63015873015873,0.6226190476190478,0.6789115646258502
q,0.4,imm,1,114.5,0.6497354497354498,0.05372195699999338,20,100,0.6497354497354498,0.6839285714285716,0.7197278911564627
q,0.4,robust_kempe,1,102.7,0.6040816326530613,0.05140057700000966,12,60,0.6227513227513227,0.6047619047619048,0.6040816326530613
q,0.4,mf_bwi_fair,1,138.23333333333332,0.8148809523809526,0.8952924029999849,,,0.8185185185185186,0.8148809523809526,0.8374149659863946
q,0.4,repeated_greedy,1,132.16666666666666,0.775,12.866697774000016,,,0.7931216931216933,0.775,0.7918367346938774
q,0.0,kkt_greedy,2,146.33333333333334,0.8624338624338626,0.0989172280000048,20,100,0.8624338624338626,0.8773809523809525,0.8748299319727891
q,0.0,fair_greedy,2,144.83333333333334,0.8434523809523807,0.0913377930000081,20,100,0.850793650793651,0.8434523809523807,0.8979591836734694
q,0.0,imm,2,148.46666666666667,0.8783068783068784,0.09169133800000395,20,100,0.8783068783068784,0.8886904761904759,0.885034013605442
q,0.0,robust_kempe,2,143.56666666666666,0.8369047619047618,0.09096339300000977,13,65,0.8640211640211641,0.8369047619047618,0.8625850340136052
q,0.0,mf_bwi_fair,2,150.8,0.8904761904761905,0.9683717280000224,,,0.8952380952380953,0.906547619047619,0.8904761904761905
q,0.0,repeated_greedy,2,149.86666666666667,0.879591836734694,15.83801243900001,,,0.9037037037037038,0.8898809523809526,0.879591836734694
q,0.05,kkt_greedy,2,142.43333333333334,0.8346938775510202,0.091955224000003,20,100,0.8597883597883599,0.8458333333333332,0.8346938775510202
q,0.05,fair_greedy,2,140.73333333333332,0.8272108843537413,0.08951620800002047,20,100,0.8534391534391536,0.8291666666666664,0.8272108843537413
q,0.05,imm,2,144.66666666666666,0.8458333333333334,0.09593828000001281,20,100,0.8735449735449737,0.8458333333333334,0.8625850340136054
q,0.05,robust_kempe,2,140.23333333333332,0.8172619047619046,0.09552913299998522,13,65,0.8275132275132278,0.8172619047619046,0.8639455782312923
q,0.05,mf_bwi_fair,2,147.6,0.8738095238095238,1.1488711739999928,,,0.8777777777777779,0.8738095238095238,0.885034013605442
q,0.05,repeated_greedy,2,148.83333333333334,0.8700680272108842,15.119157613000027,,,0.8904761904761906,0.8946428571428573,0.8700680272108842
q,0.1,kkt_greedy,2,140.43333333333334,0.8249999999999998,0.08161497000003237,20,100,0.841798941798942,0.8249999999999998,0.8408163265306123
q,0.1,fair_greedy,2,133.73333333333332,0.7814814814814818,0.07651183799998762,20,100,0.7814814814814818,0.799404761904762,0.8108843537414966
q,0.1,imm,2,139.93333333333334,0.8265306122448982,0.08670807200002173,20,100,0.8428571428571431,0.8273809523809523,0.8265306122448982
q,0.1,robust_kempe,2,136.16666666666666,0.782142857142857,0.08506615799996098,13,65,0.8206349206349208,0.782142857142857,0.8299319727891156
q,0.1,mf_bwi_fair,2,146.6,0.8650793650793652,0.9739342749999764,,,0.8650793650793652,0.8702380952380951,0.8850340136054424
q,0.1,repeated_greedy,2,143.9,0.8394557823129251,14.771807789999968,,,0.8730158730158732,0.8529761904761907,0.8394557823129251
q,0.2,kkt_greedy,2,127.1,0.7273809523809522,0.07775210900001639,20,100,0.7587301587301591,0.7273809523809522,0.787074829931973
q,0.2,fair_greedy,2,130.06666666666666,0.7571428571428569,0.079517213000031,20,100,0.7645502645502649,0.7571428571428569,0.8061224489795918
q,0.2,imm,2,132.13333333333333,0.7672619047619048,0.08090813400002617,20,100,0.7910052910052913,0.7672619047619048,0.8027210884353745
q,0.2,robust_kempe,2,130.4,0.7619047619047623,0.07906301700000995,13,65,0.7619047619047623,0.7922619047619045,0.7761904761904763
q,0.2,mf_bwi_fair,2,146.66666666666666,0.8672619047619048,1.1215115269999956,,,0.870899470899471,0.8672619047619048,0.8823129251700679
q,0.2,repeated_greedy,2,141.63333333333333,0.8122448979591839,14.490029366000044,,,0.8566137566137567,0.8547619047619047,0.8122448979591839
q,0.4,kkt_greedy,2,110.96666666666667,0.6386904761904761,0.11149808800000471,20,100,0.6735449735449737,0.6386904761904761,0.6687074829931975
q,0.4,fair_greedy,2,108.16666666666667,0.6113095238095236,0.06556322800000203,20,100,0.6523809523809524,0.6113095238095236,0.6700680272108845
q,0.4,imm,2,110.76666666666667,0.6412698412698412,0.06753613499999744,20,100,0.6412698412698412,0.6511904761904762,0.6918367346938776
q,0.4,robust_kempe,2,109.06666666666666,0.6333333333333331,0.07180667600000135,13,65,0.6513227513227513,0.6607142857142858,0.6333333333333331
q,0.4,mf_bwi_fair,2,139.46666666666667,0.8211640211640213,0.8994516160000003,,,0.8211640211640213,0.8267857142857143,0.8455782312925171
q,0.4,repeated_greedy,2,134.1,0.7952380952380955,13.857620422999993,,,0.7952380952380955,0.8011904761904761,0.7986394557823129
q,0.0,kkt_greedy,3,147.96666666666667,0.8671957671957674,0.1054967759999954,20,100,0.8671957671957674,0.8833333333333333,0.8952380952380953
q,0.0,fair_greedy,3,145.56666666666666,0.8476190476190476,0.09397637400000747,20,100,0.8724867724867725,0.8761904761904763,0.8476190476190476
q,0.0,imm,3,148.63333333333333,0.8748299319727889,0.09372289799999578,20,100,0.9000000000000001,0.8761904761904764,0.8748299319727889
q,0.0,robust_kempe,3,144.33333333333334,0.8346938775510203,0.09406726599999615,12,60,0.8761904761904763,0.8613095238095239,0.8346938775510203
q,0.0,mf_bwi_fair,3,150.16666666666666,0.8830687830687831,1.1267631699999896,,,0.8830687830687831,0.8964285714285717,0.9047619047619049
q,0.0,repeated_greedy,3,149.26666666666668,0.8673469387755102,16.056558488999997,,,0.9084656084656085,0.8845238095238097,0.8673469387755102
q,0.05,kkt_greedy,3,145.6,0.8464285714285714,0.09203667699998164,20,100,0.8756613756613759,0.8464285714285714,0.8782312925170068
q,0.05,fair_greedy,3,141.8,0.8285714285714285,0.08499330099999725,20,100,0.8518518518518519,0.8488095238095237,0.8285714285714285
q,0.05,imm,3,144.1,0.8444444444444447,0.08637971900000707,20,100,0.8444444444444447,0.8595238095238094,0.8727891156462583
q,0.05,robust_kempe,3,143.43333333333334,0.8497354497354499,0.08818233399998121,12,60,0.8497354497354499,0.8595238095238096,0.8523809523809522
q,0.05,mf_bwi_fair,3,148.96666666666667,0.8793650793650795,1.1145559509999998,,,0.8793650793650795,0.8869047619047623,0.8959183673469387
q,0.05,repeated_greedy,3,148.96666666666667,0.8700680272108842,14.907901212000013,,,0.8888888888888891,0.8988095238095242,0.8700680272108842
q,0.1,kkt_greedy,3,140.43333333333334,0.8226190476190477,0.07577144699999394,20,100,0.8486772486772488,0.8226190476190477,0.8346938775510205
q,0.1,fair_greedy,3,138.6,0.8035714285714286,0.06980853199999615,20,100,0.8164021164021167,0.8035714285714286,0.8605442176870747
q,0.1,imm,3,142.2,0.8412698412698415,0.07248355499999093,20,100,0.8412698412698415,0.8416666666666668,0.858503401360544
q,0.1,robust_kempe,3,134.76666666666668,0.7829931972789114,0.06799845899999468,12,60,0.8174603174603177,0.8017857142857142,0.7829931972789114
q,0.1,mf_bwi_fair,3,147.83333333333334,0.8730158730158731,0.920268698000001,,,0.8730158730158731,0.875,0.8945578231292515
q,0.1,repeated_greedy,3,148.53333333333333,0.8625850340136052,13.990495899999985,,,0.8957671957671958,0.8898809523809524,0.8625850340136052
q,0.2,kkt_greedy,3,132.93333333333334,0.7659863945578229,0.08480847199999175,20,100,0.813756613756614,0.7880952380952382,0.7659863945578229
q,0.2,fair_greedy,3,127.1,0.7183673469387755,0.0807094159999906,20,100,0.7857142857142859,0.7571428571428573,0.7183673469387755
q,0.2,imm,3,130.23333333333332,0.7653061224489797,0.08037672799997608,20,100,0.7835978835978838,0.7744047619047619,0.7653061224489797
q,0.2,robust_kempe,3,127.9,0.7204081632653062,0.08031554699999788,12,60,0.8058201058201061,0.7470238095238095,0.7204081632653062
q,0.2,mf_bwi_fair,3,144.16666666666666,0.8494047619047618,1.1719314789999942,,,0.850793650793651,0.8494047619047618,0.877551020408163
q,0.2,repeated_greedy,3,141.43333333333334,0.821768707482993,13.269980812,,,0.8481481481481483,0.8523809523809524,0.821768707482993
q,0.4,kkt_greedy,3,117.03333333333333,0.6797619047619048,0.05676882700001329,20,100,0.6962962962962964,0.6797619047619048,0.7163265306122448
q,0.4,fair_greedy,3,108.5,0.6306122448979592,0.0520474429999922,20,100,0.6423280423280423,0.663095238095238,0.6306122448979592
q,0.4,imm,3,111.46666666666667,0.6422619047619047,0.058300989999992225,20,100,0.6640211640211642,0.6422619047619047,0.6870748299319728
q,0.4,robust_kempe,3,113.76666666666667,0.6605442176870749,0.0676418769999998,12,60,0.680952380952381,0.6874999999999999,0.6605442176870749
q,0.4,mf_bwi_fair,3,140.73333333333332,0.8297619047619048,1.0818009540000162,,,0.8338624338624341,0.8297619047619048,0.8517006802721085
q,0.4,repeated_greedy,3,130.06666666666666,0.7671957671957674,13.447638722000022,,,0.7671957671957674,0.7827380952380952,0.7734693877551019
q,0.0,kkt_greedy,4,142.06666666666666,0.8088435374149658,0.10044139199999336,20,100,0.860846560846561,0.8607142857142858,0.8088435374149658
q,0.0,fair_greedy,4,146.63333333333333,0.8640211640211641,0.10148688500001413,20,100,0.8640211640211641,0.8797619047619046,0.8761904761904761
q,0.0,imm,4,148.76666666666668,0.8720238095238095,0.1015838360000032,20,100,0.8798941798941801,0.8720238095238095,0.9081632653061221
q,0.0,robust_kempe,4,146.43333333333334,0.8591836734693875,0.09610583200000633,13,65,0.8703703703703705,0.8839285714285717,0.8591836734693875
q,0.0,mf_bwi_fair,4,150.13333333333333,0.8857142857142857,1.1916330500000072,,,0.8962962962962965,0.8976190476190478,0.8857142857142857
q,0.0,repeated_greedy,4,149.1,0.8632653061224489,15.439106956000018,,,0.9084656084656085,0.8851190476190476,0.8632653061224489
q,0.05,kkt_greedy,4,142.7,0.8398809523809524,0.1017818459999944,20,100,0.8613756613756615,0.8398809523809524,0.8448979591836733
q,0.05,fair_greedy,4,142.46666666666667,0.8214285714285714,0.09355161499996711,20,100,0.858730158730159,0.8214285714285714,0.8646258503401361
q,0.05,imm,4,143.5,0.8470238095238094,0.09534845199999609,20,100,0.8539682539682542,0.8470238095238094,0.8625850340136054
q,0.05,robust_kempe,4,142.96666666666667,0.836309523809524,0.09663114099998893,13,65,0.8576719576719578,0.836309523809524,0.8591836734693877
q,0.05,mf_bwi_fair,4,148.03333333333333,0.8702380952380951,1.2028084909999848,,,0.882010582010582,0.8702380952380951,0.8925170068027213
q,0.05,repeated_greedy,4,148.6,0.8773809523809523,15.896692588000008,,,0.8952380952380953,0.8773809523809523,0.8789115646258501
q,0.1,kkt_greedy,4,138.2,0.8122448979591836,0.07278807000000143,20,100,0.833862433862434,0.8190476190476189,0.8122448979591836
q,0.1,fair_greedy,4,138.33333333333334,0.8100529100529102,0.06842233800000486,20,100,0.8100529100529102,0.8107142857142856,0.8551020408163263
q,0.1,imm,4,140.66666666666666,0.8238095238095237,0.07271214000002146,20,100,0.8523809523809526,0.832142857142857,0.8238095238095237
q,0.1,robust_kempe,4,136.83333333333334,0.8026455026455028,0.06929251300005035,13,65,0.8026455026455028,0.8357142857142857,0.8054421768707485
q,0.1,mf_bwi_fair,4,147.53333333333333,0.8761904761904763,0.93579549399999,,,0.8788359788359789,0.8761904761904763,0.8795918367346939
q,0.1,repeated_greedy,4,147.43333333333334,0.8693877551020408,15.050651227000003,,,0.880952380952381,0.8809523809523809,0.8693877551020408
q,0.2,kkt_greedy,4,125.8,0.7034013605442179,0.07156601200000523,20,100,0.7402116402116405,0.7982142857142857,0.7034013605442179
q,0.2,fair_greedy,4,129.36666666666667,0.7648809523809524,0.07622913200003723,20,100,0.7661375661375662,0.7648809523809524,0.7809523809523807
q,0.2,imm,4,131.0,0.7511904761904762,0.07746626800002332,20,100,0.7703703703703707,0.7511904761904762,0.8244897959183671
q,0.2,robust_kempe,4,128.1,0.727891156462585,0.07577540799996996,13,65,0.7740740740740742,0.7797619047619049,0.727891156462585
q,0.2,mf_bwi_fair,4,144.43333333333334,0.8541666666666667,0.9674038170000472,,,0.8587301587301589,0.8541666666666667,0.8673469387755101
q,0.2,repeated_greedy,4,141.26666666666668,0.8149659863945579,14.486867412000038,,,0.8544973544973546,0.8482142857142857,0.8149659863945579
q,0.4,kkt_greedy,4,110.73333333333333,0.638095238095238,0.05159325500000023,20,100,0.6751322751322753,0.6595238095238097,0.638095238095238
q,0.4,fair_greedy,4,108.0,0.6208333333333335,0.05200437500002408,20,100,0.6465608465608467,0.6208333333333335,0.663265306122449
q,0.4,imm,4,108.8,0.6353741496598638,0.05297907900001064,20,100,0.6396825396825396,0.6672619047619047,0.6353741496598638
q,0.4,robust_kempe,4,112.46666666666667,0.6292517006802721,0.05416946000002554,13,65,0.6904761904761906,0.6809523809523808,0.6292517006802721
q,0.4,mf_bwi_fair,4,137.76666666666668,0.8154761904761904,1.051063144000011,,,0.8158730158730161,0.8154761904761904,0.8306122448979593
q,0.4,repeated_greedy,4,135.83333333333334,0.7925170068027211,13.648446221000029,,,0.7994708994708998,0.8327380952380953,0.7925170068027211
q,0.0,kkt_greedy,5,147.36666666666667,0.8660714285714287,0.0997522179999919,20,100,0.8746031746031747,0.8660714285714287,0.8931972789115645
q,0.0,fair_greedy,5,144.73333333333332,0.8476190476190477,0.0931784329999914,20,100,0.8476190476190477,0.8577380952380952,0.883673469387755
q,0.0,imm,5,148.13333333333333,0.8726190476190475,0.0935763310000084,20,100,0.8798941798941801,0.8726190476190475,0.8945578231292515
q,0.0,robust_kempe,5,144.53333333333333,0.8494047619047616,0.08538934199998494,14,70,0.8629629629629633,0.8494047619047616,0.8693877551020407
q,0.0,mf_bwi_fair,5,150.43333333333334,0.8898809523809527,1.1127963330000057,,,0.8952380952380953,0.8898809523809527,0.9020408163265307
q,0.0,repeated_greedy,5,149.73333333333332,0.864625850340136,14.665090937000002,,,0.8978835978835981,0.9071428571428573,0.864625850340136
q,0.05,kkt_greedy,5,143.93333333333334,0.8380952380952383,0.07308523699998659,20,100,0.8380952380952383,0.8678571428571428,0.8680272108843539
q,0.05,fair_greedy,5,144.36666666666667,0.8465608465608467,0.07353773199997704,20,100,0.8465608465608467,0.861904761904762,0.8727891156462584
q,0.05,imm,5,145.8,0.8559523809523809,0.07976423700000623,20,100,0.8767195767195769,0.8559523809523809,0.870068027210884
q,0.05,robust_kempe,5,141.06666666666666,0.8319727891156463,0.0718469759999607,14,70,0.8502645502645504,0.8345238095238096,0.8319727891156463
q,0.05,mf_bwi_fair,5,148.23333333333332,0.8756613756613757,0.9255930219999868,,,0.8756613756613757,0.8845238095238097,0.8884353741496598
q,0.05,repeated_greedy,5,149.76666666666668,0.8829931972789117,13.961049465999963,,,0.9000000000000001,0.8892857142857142,0.8829931972789117
q,0.1,kkt_greedy,5,139.13333333333333,0.8179894179894183,0.07992964999999685,20,100,0.8179894179894183,0.8380952380952381,0.8299319727891159
q,0.1,fair_greedy,5,139.26666666666668,0.8267857142857143,0.07525017800003297,20,100,0.8296296296296298,0.8267857142857143,0.830612244897959
q,0.1,imm,5,139.5,0.8179894179894183,0.07555939500002751,20,100,0.8179894179894183,0.8511904761904762,0.8224489795918365
q,0.1,robust_kempe,5,136.63333333333333,0.8021164021164023,0.07421229300001642,14,70,0.8021164021164023,0.8226190476190477,0.8170068027210886
q,0.1,mf_bwi_fair,5,146.7,0.8678571428571428,1.2366609549999907,,,0.871957671957672,0.8678571428571428,0.880952380952381
q,0.1,repeated_greedy,5,144.06666666666666,0.8469387755102038,15.704335354000023,,,0.8582010582010583,0.8660714285714284,0.8469387755102038
q,0.2,kkt_greedy,5,133.26666666666668,0.7761904761904764,0.07293629500003362,20,100,0.7761904761904764,0.7880952380952382,0.8210884353741498
q,0.2,fair_greedy,5,127.53333333333333,0.7559523809523809,0.06948121200002788,20,100,0.7571428571428575,0.7559523809523809,0.7653061224489794
q,0.2,imm,5,131.43333333333334,0.7547619047619049,0.0697152840000399,20,100,0.8042328042328044,0.7547619047619049,0.7857142857142858
q,0.2,robust_kempe,5,128.76666666666668,0.7321428571428571,0.08383694100001549,14,70,0.7613756613756617,0.7321428571428571,0.8122448979591835
q,0.2,mf_bwi_fair,5,145.6,0.8634920634920636,1.0282413509999628,,,0.8634920634920636,0.8672619047619048,0.8700680272108843
q,0.2,repeated_greedy,5,139.4,0.8149659863945575,12.624190223000028,,,0.8248677248677251,0.8482142857142857,0.8149659863945575
q,0.4,kkt_greedy,5,105.43333333333334,0.6071428571428572,0.04997966700000234,20,100,0.6227513227513225,0.6071428571428572,0.657142857142857
q,0.4,fair_greedy,5,103.2,0.5976190476190477,0.04969291800000519,20,100,0.6402116402116403,0.5976190476190477,0.5999999999999999
q,0.4,imm,5,107.33333333333333,0.625595238095238,0.0507469720000131,20,100,0.6407407407407407,0.625595238095238,0.6517006802721089
q,0.4,robust_kempe,5,110.83333333333333,0.6428571428571428,0.05509014399996204,14,70,0.6682539682539682,0.6648809523809524,0.6428571428571428
q,0.4,mf_bwi_fair,5,137.13333333333333,0.8053571428571427,0.9566671140000267,,,0.8089947089947092,0.8053571428571427,0.8380952380952382
q,0.4,repeated_greedy,5,133.2,0.7823129251700682,12.640620370000022,,,0.8021164021164023,0.7916666666666666,0.7823129251700682
q,0.0,kkt_greedy,6,147.43333333333334,0.8510204081632654,0.09341170099997953,20,100,0.8920634920634922,0.8845238095238098,0.8510204081632654
q,0.0,fair_greedy,6,146.86666666666667,0.8630952380952384,0.0876488359999712,20,100,0.8873015873015875,0.8630952380952384,0.8700680272108845
q,0.0,imm,6,148.93333333333334,0.8726190476190475,0.07660183000001553,20,100,0.8899470899470902,0.8726190476190475,0.8979591836734693
q,0.0,robust_kempe,6,143.76666666666668,0.8476190476190474,0.07304405000002134,13,65,0.8613756613756615,0.8565476190476192,0.8476190476190474
q,0.0,mf_bwi_fair,6,148.76666666666668,0.8767195767195768,0.969122590999973,,,0.8767195767195768,0.8892857142857145,0.8925170068027212
q,0.0,repeated_greedy,6,149.7,0.8693877551020408,14.509498010000016,,,0.898941798941799,0.9011904761904765,0.8693877551020408
q,0.05,kkt_greedy,6,141.86666666666667,0.8319727891156459,0.07404659100001254,20,100,0.8619047619047621,0.8357142857142856,0.8319727891156459
q,0.05,fair_greedy,6,141.36666666666667,0.8226190476190476,0.07119193199997653,20,100,0.8502645502645504,0.8226190476190476,0.8517006802721087
q,0.05,imm,6,143.23333333333332,0.832142857142857,0.07256288099995345,20,100,0.8486772486772488,0.832142857142857,0.8809523809523809
q,0.05,robust_kempe,6,141.83333333333334,0.8394557823129251,0.07208761600008984,13,65,0.8470899470899472,0.8452380952380951,0.8394557823129251
q,0.05,mf_bwi_fair,6,148.43333333333334,0.880952380952381,0.937458324999966,,,0.8873015873015875,0.8815476190476187,0.880952380952381
q,0.05,repeated_greedy,6,146.36666666666667,0.8551020408163262,14.26808761999996,,,0.8867724867724868,0.867857142857143,0.8551020408163262
q,0.1,kkt_greedy,6,137.83333333333334,0.8042328042328044,0.06988941099996282,20,100,0.8042328042328044,0.8303571428571429,0.8299319727891156
q,0.1,fair_greedy,6,137.53333333333333,0.7970238095238094,0.07190664100005506,20,100,0.7973544973544975,0.7970238095238094,0.8707482993197277
q,0.1,imm,6,139.36666666666667,0.8238095238095239,0.09230322200005503,20,100,0.8280423280423282,0.8238095238095239,0.8380952380952379
q,0.1,robust_kempe,6,137.86666666666667,0.8113095238095237,0.07600266300005387,13,65,0.8291005291005293,0.8113095238095237,0.8204081632653061
q,0.1,mf_bwi_fair,6,145.86666666666667,0.861309523809524,0.9330745949999937,,,0.8634920634920636,0.861309523809524,0.882312925170068
q,0.1,repeated_greedy,6,145.1,0.8530612244897958,13.284505237999952,,,0.8703703703703705,0.8654761904761903,0.8530612244897958
q,0.2,kkt_greedy,6,128.33333333333334,0.7464285714285714,0.08010134599999219,20,100,0.7851851851851855,0.7464285714285714,0.7564625850340135
q,0.2,fair_greedy,6,127.23333333333333,0.7190476190476193,0.07670842699997138,20,100,0.7925925925925928,0.7190476190476193,0.7557823129251702
q,0.2,imm,6,131.9,0.7835978835978838,0.07683362800003124,20,100,0.7835978835978838,0.7845238095238094,0.7877551020408163
q,0.2,robust_kempe,6,129.63333333333333,0.7619047619047621,0.0799092859999746,13,65,0.7830687830687834,0.7672619047619048,0.7619047619047621
q,0.2,mf_bwi_fair,6,143.7,0.850595238095238,0.9513394260000041,,,0.8534391534391534,0.850595238095238,0.8632653061224489
q,0.2,repeated_greedy,6,141.63333333333333,0.836904761904762,14.419708555000057,,,0.850793650793651,0.836904761904762,0.8401360544217685
q,0.4,kkt_greedy,6,110.23333333333333,0.6232142857142857,0.05456644499997765,20,100,0.6957671957671958,0.6232142857142857,0.6428571428571429
q,0.4,fair_greedy,6,107.7,0.6166666666666667,0.05229676199996902,20,100,0.6275132275132272,0.6166666666666667,0.6863945578231293
q,0.4,imm,6,110.26666666666667,0.6458333333333334,0.06084028700001909,20,100,0.6507936507936507,0.6458333333333334,0.6755102040816326
q,0.4,robust_kempe,6,100.0,0.5537414965986396,0.04956833000005645,13,65,0.6243386243386243,0.5988095238095238,0.5537414965986396
q,0.4,mf_bwi_fair,6,139.66666666666666,0.8214285714285714,0.9970687999999654,,,0.8238095238095241,0.8214285714285714,0.8523809523809525
q,0.4,repeated_greedy,6,136.03333333333333,0.7816326530612245,12.74722012799998,,,0.8201058201058203,0.8226190476190477,0.7816326530612245
q,0.0,kkt_greedy,7,144.63333333333333,0.8369047619047618,0.07525855500000489,20,100,0.8772486772486775,0.8369047619047618,0.86734693877551
q,0.0,fair_greedy,7,146.16666666666666,0.8564625850340133,0.08261643600008028,20,100,0.8746031746031748,0.8767857142857145,0.8564625850340133
q,0.0,imm,7,146.23333333333332,0.8565476190476192,0.10349115099995743,20,100,0.8735449735449737,0.8565476190476192,0.882312925170068
q,0.0,robust_kempe,7,144.8,0.8510204081632655,0.10194771300007233,14,70,0.8645502645502648,0.8684523809523806,0.8510204081632655
q,0.0,mf_bwi_fair,7,147.73333333333332,0.8687074829931973,1.1940598649999856,,,0.8814814814814815,0.8863095238095239,0.8687074829931973
q,0.0,repeated_greedy,7,149.96666666666667,0.8700680272108844,15.880745155999989,,,0.9026455026455028,0.9011904761904763,0.8700680272108844
q,0.05,kkt_greedy,7,141.23333333333332,0.8273809523809523,0.09220864400003848,20,100,0.8486772486772488,0.8273809523809523,0.845578231292517
q,0.05,fair_greedy,7,140.6,0.776190476190476,0.09220231199992668,20,100,0.8677248677248678,0.8553571428571427,0.776190476190476
q,0.05,imm,7,144.46666666666667,0.8279761904761905,0.09091763300000366,20,100,0.8629629629629633,0.8279761904761905,0.8925170068027212
q,0.05,robust_kempe,7,138.73333333333332,0.801360544217687,0.0868609460000016,14,70,0.8492063492063495,0.8208333333333332,0.801360544217687
q,0.05,mf_bwi_fair,7,149.43333333333334,0.8793650793650796,1.1870193710000194,,,0.8793650793650796,0.888095238095238,0.9040816326530615
q,0.05,repeated_greedy,7,147.13333333333333,0.8726190476190474,15.82484276699995,,,0.8761904761904763,0.8726190476190474,0.8789115646258503
q,0.1,kkt_greedy,7,138.66666666666666,0.8034013605442177,0.09442370200008554,20,100,0.8449735449735452,0.8226190476190476,0.8034013605442177
q,0.1,fair_greedy,7,137.03333333333333,0.7748299319727892,0.09224817999995594,20,100,0.8370370370370372,0.8273809523809523,0.7748299319727892
q,0.1,imm,7,140.53333333333333,0.8273809523809524,0.09098740399997496,20,100,0.8375661375661377,0.8273809523809524,0.845578231292517
q,0.1,robust_kempe,7,134.33333333333334,0.7952380952380953,0.08380286299995987,14,70,0.7984126984126987,0.7952380952380953,0.8061224489795916
q,0.1,mf_bwi_fair,7,147.36666666666667,0.8720238095238095,1.2851859019999665,,,0.8793650793650795,0.8720238095238095,0.8802721088435372
q,0.1,repeated_greedy,7,147.2,0.8632653061224489,15.713406985999995,,,0.8804232804232804,0.8827380952380951,0.8632653061224489
q,0.2,kkt_greedy,7,131.2,0.7639455782312924,0.08345574300005865,20,100,0.7820105820105823,0.7946428571428571,0.7639455782312924
q,0.2,fair_greedy,7,127.36666666666666,0.7327380952380952,0.08014891100003751,20,100,0.7740740740740744,0.7327380952380952,0.7666666666666665
q,0.2,imm,7,130.03333333333333,0.7523809523809525,0.08006400099998245,20,100,0.7941798941798945,0.7523809523809525,0.7727891156462585
q,0.2,robust_kempe,7,125.86666666666666,0.7197278911564626,0.07586399700005586,14,70,0.767724867724868,0.7541666666666667,0.7197278911564626
q,0.2,mf_bwi_fair,7,143.86666666666667,0.8486772486772488,1.0368998149999697,,,0.8486772486772488,0.8517857142857141,0.8714285714285712
q,0.2,repeated_greedy,7,141.16666666666666,0.8204081632653063,15.750730619000024,,,0.8513227513227515,0.8452380952380952,0.8204081632653063
q,0.4,kkt_greedy,7,107.23333333333333,0.6116402116402114,0.06239521599991349,20,100,0.6116402116402114,0.6488095238095237,0.6605442176870748
q,0.4,fair_greedy,7,102.6,0.5869047619047619,0.06509649700001319,20,100,0.6211640211640213,0.5869047619047619,0.6244897959183672
q,0.4,imm,7,113.8,0.6523809523809523,0.06748830100002579,20,100,0.687830687830688,0.6523809523809523,0.6925170068027212
q,0.4,robust_kempe,7,101.43333333333334,0.5836734693877551,0.06239862800009632,14,70,0.6105820105820107,0.6136904761904762,0.5836734693877551
q,0.4,mf_bwi_fair,7,139.7,0.8259259259259262,1.1904569269999001,,,0.8259259259259262,0.8291666666666665,0.8414965986394557
q,0.4,repeated_greedy,7,127.5,0.74421768707483,12.261706140000001,,,0.7534391534391537,0.7779761904761904,0.74421768707483
q,0.0,kkt_greedy,8,146.56666666666666,0.8639455782312926,0.09878898900001332,20,100,0.8661375661375662,0.8869047619047621,0.8639455782312926
q,0.0,fair_greedy,8,147.7,0.8703703703703705,0.09978388399997584,20,100,0.8703703703703705,0.8916666666666667,0.8761904761904762
q,0.0,imm,8,146.6,0.8619047619047618,0.097985777999952,20,100,0.8682539682539684,0.8869047619047618,0.8619047619047618
q,0.0,robust_kempe,8,145.4,0.8591836734693878,0.09703469299995504,13,65,0.8624338624338626,0.874404761904762,0.8591836734693878
q,0.0,mf_bwi_fair,8,150.33333333333334,0.8886904761904764,1.2121303750000152,,,0.9,0.8886904761904764,0.8952380952380953
q,0.0,repeated_greedy,8,149.03333333333333,0.882312925170068,16.23904299800006,,,0.888888888888889,0.8892857142857145,0.882312925170068
q,0.05,kkt_greedy,8,143.13333333333333,0.8278911564625847,0.08335985700000492,20,100,0.8582010582010583,0.8660714285714284,0.8278911564625847
q,0.05,fair_greedy,8,142.43333333333334,0.8231292517006803,0.08214660800001639,20,100,0.8613756613756615,0.8541666666666665,0.8231292517006803
q,0.05,imm,8,142.5,0.8343915343915346,0.0751513550000027,20,100,0.8343915343915346,0.8607142857142854,0.8517006802721088
q,0.05,robust_kempe,8,141.8,0.8315476190476191,0.07261496199998874,13,65,0.8428571428571431,0.8315476190476191,0.8598639455782311
q,0.05,mf_bwi_fair,8,149.3,0.880952380952381,1.1347275230000378,,,0.880952380952381,0.8898809523809527,0.8972789115646257
q,0.05,repeated_greedy,8,148.7,0.864625850340136,14.668781190999994,,,0.8920634920634921,0.8952380952380955,0.864625850340136
q,0.1,kkt_greedy,8,137.73333333333332,0.8006802721088435,0.06973636000009265,20,100,0.8291005291005293,0.8261904761904761,0.8006802721088435
q,0.1,fair_greedy,8,136.23333333333332,0.8054421768707484,0.06874248400004035,20,100,0.8089947089947093,0.817857142857143,0.8054421768707484
q,0.1,imm,8,142.1,0.8340136054421768,0.08214416400005575,20,100,0.8513227513227516,0.8500000000000001,0.8340136054421768
q,0.1,robust_kempe,8,137.13333333333333,0.8074074074074076,0.08484978599994975,13,65,0.8074074074074076,0.8309523809523809,0.8108843537414967
q,0.1,mf_bwi_fair,8,146.63333333333333,0.867261904761905,1.1560077389999606,,,0.870899470899471,0.867261904761905,0.8816326530612245
q,0.1,repeated_greedy,8,143.56666666666666,0.8462585034013607,15.808716998000023,,,0.8592592592592594,0.8565476190476192,0.8462585034013607
q,0.2,kkt_greedy,8,127.5,0.719047619047619,0.08298843400007172,20,100,0.7777777777777781,0.7726190476190476,0.719047619047619
q,0.2,fair_greedy,8,128.16666666666666,0.7421768707482993,0.0822421379999696,20,100,0.7830687830687832,0.7583333333333334,0.7421768707482993
q,0.2,imm,8,128.2,0.7343915343915347,0.08059171100001095,20,100,0.7343915343915347,0.7827380952380953,0.7775510204081634
q,0.2,robust_kempe,8,126.46666666666667,0.7503401360544221,0.06408124699999007,13,65,0.7523809523809527,0.7553571428571428,0.7503401360544221
q,0.2,mf_bwi_fair,8,143.33333333333334,0.8494047619047616,1.008372330000043,,,0.8529100529100531,0.8494047619047616,0.8578231292517006
q,0.2,repeated_greedy,8,140.46666666666667,0.8129251700680271,15.40973499000006,,,0.8486772486772488,0.8422619047619045,0.8129251700680271
q,0.4,kkt_greedy,8,110.83333333333333,0.6108843537414966,0.06545707299994774,20,100,0.7042328042328044,0.6523809523809524,0.6108843537414966
q,0.4,fair_greedy,8,107.43333333333334,0.6224489795918368,0.05632803100002093,20,100,0.6492063492063493,0.6434523809523809,0.6224489795918368
q,0.4,imm,8,111.26666666666667,0.6285714285714284,0.05518388500001947,20,100,0.6592592592592593,0.6285714285714284,0.7047619047619046
q,0.4,robust_kempe,8,107.0,0.6054421768707484,0.05621559500002604,13,65,0.6343915343915345,0.6672619047619048,0.6054421768707484
q,0.4,mf_bwi_fair,8,140.36666666666667,0.8291666666666665,0.9446496939999633,,,0.8306878306878309,0.8291666666666665,0.8489795918367345
q,0.4,repeated_greedy,8,136.5,0.8017857142857142,13.258508599999914,,,0.8201058201058203,0.8017857142857142,0.8149659863945578
q,0.0,kkt_greedy,9,150.16666666666666,0.8809523809523812,0.07948145299997122,20,100,0.8809523809523812,0.9160714285714289,0.885034013605442
q,0.0,fair_greedy,9,145.96666666666667,0.8523809523809519,0.08031484200000705,20,100,0.8804232804232807,0.8523809523809519,0.8727891156462584
q,0.0,imm,9,150.63333333333333,0.8916666666666667,0.07860851999998886,20,100,0.8957671957671959,0.8916666666666667,0.9034013605442177
q,0.0,robust_kempe,9,147.43333333333334,0.8690476190476192,0.07716702200002601,12,60,0.8857142857142859,0.8690476190476192,0.8768707482993197
q,0.0,mf_bwi_fair,9,148.86666666666667,0.880952380952381,0.9457064910000099,,,0.880952380952381,0.8827380952380953,0.8965986394557823
q,0.0,repeated_greedy,9,148.5,0.8755102040816328,14.923933590000047,,,0.887830687830688,0.886904761904762,0.8755102040816328
q,0.05,kkt_greedy,9,143.86666666666667,0.8367346938775507,0.0774100929999122,20,100,0.8513227513227516,0.8791666666666665,0.8367346938775507
q,0.05,fair_greedy,9,142.33333333333334,0.825170068027211,0.07534754699997848,20,100,0.8608465608465611,0.8511904761904762,0.825170068027211
q,0.05,imm,9,144.7,0.8534391534391536,0.07549202600000626,20,100,0.8534391534391536,0.8642857142857142,0.8680272108843535
q,0.05,robust_kempe,9,139.3,0.7940476190476191,0.07116126500000064,12,60,0.8433862433862436,0.7940476190476191,0.8510204081632653
q,0.05,mf_bwi_fair,9,146.56666666666666,0.8656084656084657,0.9514195379999819,,,0.8656084656084657,0.8797619047619049,0.8727891156462585
q,0.05,repeated_greedy,9,147.1,0.8702380952380955,14.42185997699994,,,0.8777777777777779,0.8702380952380955,0.8789115646258503
q,0.1,kkt_greedy,9,137.96666666666667,0.8122448979591835,0.08439367599999059,20,100,0.8158730158730161,0.8351190476190475,0.8122448979591835
q,0.1,fair_greedy,9,136.73333333333332,0.8029761904761905,0.08209511400002611,20,100,0.8269841269841273,0.8029761904761905,0.8095238095238094
q,0.1,imm,9,140.26666666666668,0.8216931216931218,0.08175081100000625,20,100,0.8216931216931218,0.8321428571428572,0.8551020408163263
q,0.1,robust_kempe,9,136.43333333333334,0.7945578231292517,0.08362811300003159,12,60,0.8116402116402118,0.8279761904761903,0.7945578231292517
q,0.1,mf_bwi_fair,9,146.83333333333334,0.8630952380952379,1.0580992029999834,,,0.8804232804232804,0.8630952380952379,0.8782312925170069
q,0.1,repeated_greedy,9,147.03333333333333,0.8666666666666668,15.29880579600001,,,0.882010582010582,0.8750000000000001,0.8666666666666668
q,0.2,kkt_greedy,9,131.13333333333333,0.7680272108843538,0.08964250099995752,20,100,0.7820105820105823,0.7898809523809525,0.7680272108843538
q,0.2,fair_greedy,9,130.36666666666667,0.7607142857142858,0.0702718840000216,20,100,0.7804232804232807,0.7607142857142858,0.7877551020408161
q,0.2,imm,9,131.4,0.7660714285714286,0.08763635100001466,20,100,0.8015873015873018,0.7660714285714286,0.7755102040816326
q,0.2,robust_kempe,9,126.5,0.7448979591836735,0.08675713200000246,12,60,0.7523809523809526,0.7607142857142857,0.7448979591836735
q,0.2,mf_bwi_fair,9,143.96666666666667,0.8428571428571431,1.1425153659999978,,,0.8428571428571431,0.857142857142857,0.874829931972789
q,0.2,repeated_greedy,9,141.83333333333334,0.826530612244898,13.09710411900005,,,0.851851851851852,0.8511904761904764,0.826530612244898
q,0.4,kkt_greedy,9,106.1,0.6251700680272109,0.06703563100006704,20,100,0.6402116402116401,0.6273809523809525,0.6251700680272109
q,0.4,fair_greedy,9,109.53333333333333,0.6392857142857143,0.07003850399996736,20,100,0.6566137566137569,0.6392857142857143,0.6605442176870748
q,0.4,imm,9,108.46666666666667,0.6255952380952382,0.06739662200004659,20,100,0.6550264550264552,0.6255952380952382,0.6564625850340136
q,0.4,robust_kempe,9,102.8,0.5700680272108841,0.067644208000047,12,60,0.6259259259259261,0.6327380952380952,0.5700680272108841
q,0.4,mf_bwi_fair,9,138.13333333333333,0.8142857142857143,1.1446467810000058,,,0.8142857142857145,0.8142857142857143,0.8414965986394556
q,0.4,repeated_greedy,9,133.4,0.7789115646258505,15.142484591000084,,,0.7973544973544976,0.8035714285714285,0.7789115646258505
q,0.0,kkt_greedy,10,146.43333333333334,0.8625850340136054,0.0984866520000196,20,100,0.8671957671957673,0.8845238095238096,0.8625850340136054
q,0.0,fair_greedy,10,147.6,0.8666666666666668,0.09629343400001744,20,100,0.8804232804232807,0.8666666666666668,0.8897959183673467
q,0.0,imm,10,148.1,0.877777777777778,0.0939370759999747,20,100,0.877777777777778,0.8869047619047622,0.8802721088435376
q,0.0,robust_kempe,10,146.23333333333332,0.8510204081632652,0.09113127099999474,12,60,0.8962962962962965,0.8583333333333333,0.8510204081632652
q,0.0,mf_bwi_fair,10,148.0,0.8756613756613757,1.1488279239999883,,,0.8756613756613757,0.8845238095238097,0.8836734693877552
q,0.0,repeated_greedy,10,151.23333333333332,0.8904761904761905,14.338397683999915,,,0.9132275132275133,0.8940476190476192,0.8904761904761905
q,0.05,kkt_greedy,10,141.66666666666666,0.8391534391534393,0.07533948200000395,20,100,0.8391534391534393,0.8392857142857145,0.8530612244897958
q,0.05,fair_greedy,10,145.7,0.8625,0.07845849900002122,20,100,0.8677248677248678,0.8625,0.8721088435374149
q,0.05,imm,10,142.1,0.8206349206349209,0.07198560400001952,20,100,0.8206349206349209,0.8630952380952379,0.8585034013605441
q,0.05,robust_kempe,10,140.3,0.8068027210884353,0.07085276700001941,12,60,0.8497354497354499,0.8434523809523806,0.8068027210884353
q,0.05,mf_bwi_fair,10,147.1,0.8646258503401361,0.9182914320000464,,,0.880952380952381,0.8791666666666667,0.8646258503401361
q,0.05,repeated_greedy,10,147.1,0.8482993197278912,14.135543405000021,,,0.891005291005291,0.8821428571428573,0.8482993197278912
q,0.1,kkt_greedy,10,137.46666666666667,0.8160714285714286,0.08619254500013085,20,100,0.8216931216931219,0.8160714285714286,0.816326530612245
q,0.1,fair_greedy,10,135.8,0.7994708994708997,0.08259906099988257,20,100,0.7994708994708997,0.8125000000000001,0.8149659863945579
q,0.1,imm,10,140.66666666666666,0.8184523809523812,0.08407146500007912,20,100,0.8497354497354499,0.8184523809523812,0.8428571428571426
q,0.1,robust_kempe,10,136.66666666666666,0.792517006802721,0.07975728099995649,12,60,0.8375661375661377,0.8047619047619045,0.792517006802721
q,0.1,mf_bwi_fair,10,146.3,0.8654761904761905,1.1249432149998029,,,0.8693121693121694,0.8654761904761905,0.8789115646258504
q,0.1,repeated_greedy,10,146.2,0.8401360544217689,15.199778656000035,,,0.8835978835978838,0.8815476190476191,0.8401360544217689
q,0.2,kkt_greedy,10,129.4,0.7577380952380953,0.06644590800010519,20,100,0.7761904761904765,0.7577380952380953,0.7768707482993198
q,0.2,fair_greedy,10,129.96666666666667,0.765986394557823,0.06648365700016257,20,100,0.7671957671957674,0.7874999999999999,0.765986394557823
q,0.2,imm,10,132.13333333333333,0.7734693877551019,0.06884953200005839,20,100,0.7793650793650797,0.8059523809523809,0.7734693877551019
q,0.2,robust_kempe,10,125.26666666666667,0.736734693877551,0.06598989600001914,12,60,0.74973544973545,0.748809523809524,0.736734693877551
q,0.2,mf_bwi_fair,10,143.43333333333334,0.8481481481481482,0.9620167969999329,,,0.8481481481481482,0.8511904761904763,0.8639455782312925
q,0.2,repeated_greedy,10,142.5,0.8163265306122447,13.511811568999974,,,0.8682539682539684,0.8535714285714285,0.8163265306122447
q,0.4,kkt_greedy,10,105.4,0.5940476190476189,0.0491092419999859,20,100,0.6243386243386244,0.5940476190476189,0.669387755102041
q,0.4,fair_greedy,10,107.0,0.6130952380952382,0.04962097700013146,20,100,0.6354497354497355,0.6130952380952382,0.6659863945578229
q,0.4,imm,10,106.9,0.5970238095238095,0.05078160499988371,20,100,0.6211640211640211,0.5970238095238095,0.7006802721088438
q,0.4,robust_kempe,10,103.4,0.5680272108843537,0.049412919999895166,12,60,0.6455026455026456,0.6232142857142856,0.5680272108843537
q,0.4,mf_bwi_fair,10,139.63333333333333,0.8202380952380951,0.903954252000176,,,0.8243386243386245,0.8202380952380951,0.8523809523809521
q,0.4,repeated_greedy,10,134.0,0.7904761904761904,12.980747027000007,,,0.804761904761905,0.7958333333333335,0.7904761904761904
q,0.0,kkt_greedy,11,146.83333333333334,0.870238095238095,0.07749379599999884,20,100,0.8746031746031747,0.870238095238095,0.877551020408163
q,0.0,fair_greedy,11,144.73333333333332,0.8455026455026456,0.0736301330000515,20,100,0.8455026455026456,0.8630952380952384,0.8802721088435373
q,0.0,imm,11,150.03333333333333,0.8779761904761906,0.10439790899999934,20,100,0.9005291005291006,0.8779761904761906,0.9006802721088435
q,0.0,robust_kempe,11,145.36666666666667,0.8598639455782311,0.07532761499987828,15,75,0.8677248677248678,0.8672619047619048,0.8598639455782311
q,0.0,mf_bwi_fair,11,150.33333333333334,0.8851851851851852,0.9844168199999785,,,0.8851851851851852,0.9089285714285716,0.891156462585034
q,0.0,repeated_greedy,11,147.56666666666666,0.8732142857142858,14.608823267999924,,,0.8867724867724868,0.8732142857142858,0.8734693877551021
q,0.05,kkt_greedy,11,143.8,0.8434523809523807,0.08927439100011725,20,100,0.8624338624338627,0.8434523809523807,0.8619047619047618
q,0.05,fair_greedy,11,142.16666666666666,0.8244897959183675,0.08522065400006795,20,100,0.8698412698412701,0.8386904761904763,0.8244897959183675
q,0.05,imm,11,145.23333333333332,0.8486772486772488,0.08468618799997785,20,100,0.8486772486772488,0.8678571428571428,0.880952380952381
q,0.05,robust_kempe,11,141.6,0.8351190476190474,0.08319709699981104,15,75,0.8407407407407409,0.8351190476190474,0.8544217687074831
q,0.05,mf_bwi_fair,11,148.4,0.8830687830687831,1.1069454959999803,,,0.8830687830687831,0.8833333333333334,0.8836734693877552
q,0.05,repeated_greedy,11,146.63333333333333,0.8598639455782312,16.20301806700013,,,0.8883597883597886,0.8666666666666668,0.8598639455782312
q,0.1,kkt_greedy,11,137.76666666666668,0.7959183673469389,0.08461322700009077,20,100,0.8312169312169316,0.8285714285714286,0.7959183673469389
q,0.1,fair_greedy,11,138.43333333333334,0.8095238095238096,0.08186594399990099,20,100,0.8206349206349208,0.8095238095238096,0.8448979591836735
q,0.1,imm,11,137.96666666666667,0.8021164021164023,0.08155407000003834,20,100,0.8021164021164023,0.8392857142857145,0.8251700680272107
q,0.1,robust_kempe,11,137.13333333333333,0.8034013605442176,0.08219216400016194,15,75,0.8111111111111114,0.8333333333333334,0.8034013605442176
q,0.1,mf_bwi_fair,11,148.43333333333334,0.8785714285714283,1.1130769750000127,,,0.8809523809523812,0.8785714285714283,0.8925170068027211
q,0.1,repeated_greedy,11,143.46666666666667,0.8333333333333331,14.65534840600003,,,0.8597883597883599,0.8654761904761906,0.8333333333333331
q,0.2,kkt_greedy,11,127.7,0.7489795918367347,0.06769432700002653,20,100,0.7693121693121696,0.7595238095238095,0.7489795918367347
q,0.2,fair_greedy,11,122.53333333333333,0.7160714285714287,0.062414586000159034,20,100,0.7253968253968257,0.7160714285714287,0.7496598639455783
q,0.2,imm,11,129.96666666666667,0.7719576719576722,0.06602112599989596,20,100,0.7719576719576722,0.7726190476190476,0.7768707482993198
q,0.2,robust_kempe,11,123.2,0.707482993197279,0.062404884999978094,15,75,0.7195767195767199,0.7714285714285717,0.707482993197279
q,0.2,mf_bwi_fair,11,145.93333333333334,0.8634920634920636,0.9551067079999029,,,0.8634920634920636,0.8642857142857143,0.8802721088435372
q,0.2,repeated_greedy,11,142.33333333333334,0.819047619047619,13.535054354000067,,,0.8634920634920638,0.8535714285714284,0.819047619047619
q,0.4,kkt_greedy,11,108.8,0.6370370370370371,0.05379888200013738,20,100,0.6370370370370371,0.6666666666666666,0.6394557823129252
q,0.4,fair_greedy,11,97.33333333333333,0.5510204081632654,0.04773650899983295,20,100,0.6095238095238095,0.5702380952380951,0.5510204081632654
q,0.4,imm,11,110.73333333333333,0.6448979591836734,0.05403803800004425,20,100,0.6576719576719577,0.6732142857142858,0.6448979591836734
q,0.4,robust_kempe,11,105.46666666666667,0.6074074074074074,0.050266703000033885,15,75,0.6074074074074074,0.6339285714285715,0.6469387755102042
q,0.4,mf_bwi_fair,11,138.96666666666667,0.813095238095238,0.9223123320000468,,,0.8232804232804234,0.813095238095238,0.8482993197278911
q,0.4,repeated_greedy,11,130.9,0.757142857142857,13.573851791999914,,,0.7888888888888892,0.7875000000000001,0.757142857142857
q,0.0,kkt_greedy,12,146.43333333333334,0.8448979591836735,0.15565551399999933,20,100,0.8846560846560848,0.8803571428571428,0.8448979591836735
q,0.0,fair_greedy,12,147.43333333333334,0.870833333333333,0.098304688999999,20,100,0.886772486772487,0.870833333333333,0.8734693877551021
q,0.0,imm,12,148.7,0.8684523809523809,0.11852025300000335,20,100,0.8952380952380954,0.8684523809523809,0.8911564625850339
q,0.0,robust_kempe,12,145.2,0.8564625850340134,0.09701384200000263,13,65,0.870899470899471,0.8636904761904762,0.8564625850340134
q,0.0,mf_bwi_fair,12,147.7,0.8672619047619045,1.0935698649999992,,,0.8841269841269842,0.8672619047619045,0.8863945578231295
q,0.0,repeated_greedy,12,148.83333333333334,0.8503401360544216,15.337453007,,,0.8968253968253969,0.9047619047619048,0.8503401360544216
q,0.05,kkt_greedy,12,143.03333333333333,0.8428571428571426,0.07358200499999867,20,100,0.8582010582010585,0.8511904761904762,0.8428571428571426
q,0.05,fair_greedy,12,141.76666666666668,0.8279761904761902,0.07012294500000138,20,100,0.8560846560846562,0.8279761904761902,0.8462585034013604
q,0.05,imm,12,143.03333333333333,0.8273809523809522,0.07059984300000366,20,100,0.8576719576719579,0.8273809523809522,0.8707482993197276
q,0.05,robust_kempe,12,143.86666666666667,0.8360544217687075,0.07277720300000112,13,65,0.8640211640211641,0.8654761904761905,0.8360544217687075
q,0.05,mf_bwi_fair,12,149.33333333333334,0.880952380952381,0.9612554300000014,,,0.8862433862433864,0.8988095238095241,0.880952380952381
q,0.05,repeated_greedy,12,147.26666666666668,0.8557823129251702,15.923997092999997,,,0.8761904761904763,0.8952380952380954,0.8557823129251702
q,0.1,kkt_greedy,12,137.8,0.8095238095238095,0.09393582799999933,20,100,0.8174603174603178,0.8327380952380953,0.8095238095238095
q,0.1,fair_greedy,12,136.03333333333333,0.8047619047619047,0.08527668800000043,20,100,0.8142857142857145,0.8047619047619047,0.8095238095238094
q,0.1,imm,12,140.5,0.8185185185185188,0.09929564199999419,20,100,0.8185185185185188,0.8375000000000001,0.8578231292517007
q,0.1,robust_kempe,12,136.96666666666667,0.7918367346938776,0.09072640300000501,13,65,0.8280423280423281,0.8214285714285713,0.7918367346938776
q,0.1,mf_bwi_fair,12,145.36666666666667,0.8630952380952382,1.2560590560000051,,,0.8634920634920636,0.8630952380952382,0.8700680272108844
q,0.1,repeated_greedy,12,145.9,0.8564625850340138,15.798697360999995,,,0.8862433862433863,0.8589285714285713,0.8564625850340138
q,0.2,kkt_greedy,12,132.13333333333333,0.7629629629629632,0.0891341999999895,20,100,0.7629629629629632,0.7976190476190477,0.8040816326530612
q,0.2,fair_greedy,12,128.53333333333333,0.7407407407407409,0.09244288000000722,20,100,0.7407407407407409,0.7773809523809521,0.7823129251700679
q,0.2,imm,12,128.36666666666667,0.7529761904761908,0.08614606600001196,20,100,0.7761904761904765,0.7529761904761908,0.7612244897959184
q,0.2,robust_kempe,12,127.3,0.7394557823129252,0.08472334600000408,13,65,0.7555555555555559,0.7761904761904763,0.7394557823129252
q,0.2,mf_bwi_fair,12,144.43333333333334,0.8517857142857141,1.0476093910000088,,,0.8555555555555557,0.8517857142857141,0.8741496598639457
q,0.2,repeated_greedy,12,141.53333333333333,0.8170068027210885,13.749683578999992,,,0.868783068783069,0.8351190476190475,0.8170068027210885
q,0.4,kkt_greedy,12,104.76666666666667,0.5585034013605442,0.04915037800000732,20,100,0.6476190476190475,0.6535714285714285,0.5585034013605442
q,0.4,fair_greedy,12,108.0,0.6107142857142855,0.0507828260000025,20,100,0.6751322751322751,0.6107142857142855,0.638095238095238
q,0.4,imm,12,110.1,0.6285714285714284,0.051694521000001714,20,100,0.6624338624338624,0.6708333333333333,0.6285714285714284
q,0.4,robust_kempe,12,108.46666666666667,0.5993197278911565,0.05579065100000946,13,65,0.6708994708994711,0.6577380952380952,0.5993197278911565
q,0.4,mf_bwi_fair,12,138.9,0.8160714285714284,0.9264201089999915,,,0.8269841269841273,0.8160714285714284,0.8387755102040815
q,0.4,repeated_greedy,12,130.26666666666668,0.7734693877551019,13.169389435,,,0.7772486772486775,0.7750000000000001,0.7734693877551019
q,0.0,kkt_greedy,13,147.1,0.8654761904761903,0.09175375899999949,20,100,0.8783068783068785,0.8654761904761903,0.8836734693877549
q,0.0,fair_greedy,13,147.7,0.8703703703703705,0.07738152499999273,20,100,0.8703703703703705,0.8928571428571428,0.8748299319727894
q,0.0,imm,13,152.13333333333333,0.8958333333333331,0.07671459400000913,20,100,0.9084656084656085,0.8958333333333331,0.9129251700680271
q,0.0,robust_kempe,13,141.13333333333333,0.8040816326530611,0.07395352099999286,12,60,0.8624338624338626,0.8464285714285714,0.8040816326530611
q,0.0,mf_bwi_fair,13,148.36666666666667,0.8707482993197279,0.937775074000001,,,0.8899470899470902,0.886309523809524,0.8707482993197279
q,0.0,repeated_greedy,13,146.8,0.8598639455782314,15.445621251000006,,,0.8777777777777779,0.8815476190476192,0.8598639455782314
q,0.05,kkt_greedy,13,144.2,0.8404761904761904,0.08353774700000827,20,100,0.8619047619047621,0.8404761904761904,0.8741496598639454
q,0.05,fair_greedy,13,141.2,0.8275132275132278,0.08273417200001631,20,100,0.8275132275132278,0.8642857142857142,0.8299319727891156
q,0.05,imm,13,146.03333333333333,0.8369047619047618,0.0794563940000046,20,100,0.8830687830687832,0.8369047619047618,0.88843537414966
q,0.05,robust_kempe,13,142.46666666666667,0.8416666666666665,0.07760345200000529,12,60,0.8465608465608467,0.8416666666666665,0.8571428571428571
q,0.05,mf_bwi_fair,13,147.26666666666668,0.8672619047619049,1.0491177380000067,,,0.8735449735449736,0.8672619047619049,0.891156462585034
q,0.05,repeated_greedy,13,148.4,0.8700680272108843,15.297279812,,,0.8941798941798942,0.8827380952380952,0.8700680272108843
q,0.1,kkt_greedy,13,137.63333333333333,0.8101190476190477,0.06774820699999395,20,100,0.8280423280423282,0.8101190476190477,0.8183673469387754
q,0.1,fair_greedy,13,139.66666666666666,0.8204081632653062,0.07205002599999943,20,100,0.8343915343915345,0.8375,0.8204081632653062
q,0.1,imm,13,143.53333333333333,0.8476190476190476,0.07177766200001656,20,100,0.8492063492063494,0.8476190476190476,0.8687074829931972
q,0.1,robust_kempe,13,138.3,0.817687074829932,0.06921675399999572,12,60,0.8232804232804235,0.8279761904761905,0.817687074829932
q,0.1,mf_bwi_fair,13,146.86666666666667,0.8642857142857142,0.9185372360000201,,,0.8714285714285716,0.8642857142857142,0.8891156462585035
q,0.1,repeated_greedy,13,145.53333333333333,0.8442176870748298,14.90781103400002,,,0.8714285714285716,0.8797619047619047,0.8442176870748298
q,0.2,kkt_greedy,13,130.7,0.769642857142857,0.06584116300001597,20,100,0.7835978835978838,0.769642857142857,0.7802721088435374
q,0.2,fair_greedy,13,129.5,0.7601190476190475,0.0626066739999942,20,100,0.7878306878306881,0.7601190476190475,0.7612244897959185
q,0.2,imm,13,128.16666666666666,0.7518518518518521,0.062177498000011155,20,100,0.7518518518518521,0.7630952380952382,0.7768707482993198
q,0.2,robust_kempe,13,131.66666666666666,0.7785714285714286,0.0657268429999931,12,60,0.7820105820105822,0.7785714285714286,0.7918367346938775
q,0.2,mf_bwi_fair,13,145.06666666666666,0.8571428571428571,1.13893502800002,,,0.8592592592592594,0.8571428571428571,0.8761904761904761
q,0.2,repeated_greedy,13,140.2,0.8238095238095238,12.41932128000002,,,0.8312169312169313,0.8476190476190476,0.8238095238095238
q,0.4,kkt_greedy,13,110.83333333333333,0.6518518518518519,0.05374936399999797,20,100,0.6518518518518519,0.6535714285714285,0.6768707482993197
q,0.4,fair_greedy,13,109.6,0.6197278911564627,0.05137226700000497,20,100,0.6645502645502649,0.6672619047619048,0.6197278911564627
q,0.4,imm,13,107.76666666666667,0.6195767195767197,0.05119190299998877,20,100,0.6195767195767197,0.6273809523809525,0.6857142857142856
q,0.4,robust_kempe,13,106.83333333333333,0.6255952380952382,0.05008036899999979,12,60,0.6439153439153439,0.6255952380952382,0.6374149659863947
q,0.4,mf_bwi_fair,13,141.23333333333332,0.8343915343915346,0.9221916639999961,,,0.8343915343915346,0.8374999999999999,0.8523809523809524
q,0.4,repeated_greedy,13,133.96666666666667,0.7839285714285715,12.654525008999997,,,0.7947089947089949,0.7839285714285715,0.816326530612245
q,0.0,kkt_greedy,14,147.03333333333333,0.8640211640211641,0.09083496200003083,20,100,0.8640211640211641,0.8892857142857145,0.873469387755102
q,0.0,fair_greedy,14,146.16666666666666,0.8550264550264551,0.08489649000000554,20,100,0.8550264550264551,0.8767857142857142,0.8816326530612245
q,0.0,imm,14,147.93333333333334,0.8744047619047618,0.09061916699999983,20,100,0.8788359788359791,0.8744047619047618,0.8897959183673471
q,0.0,robust_kempe,14,144.16666666666666,0.8547619047619047,0.09321587900001305,13,65,0.8603174603174605,0.8547619047619047,0.8591836734693875
q,0.0,mf_bwi_fair,14,148.66666666666666,0.8741496598639455,1.1826436929999886,,,0.8857142857142858,0.8934523809523811,0.8741496598639455
q,0.0,repeated_greedy,14,148.93333333333334,0.878231292517007,14.612823638000009,,,0.8925925925925926,0.8869047619047622,0.878231292517007
q,0.05,kkt_greedy,14,144.53333333333333,0.8544973544973546,0.09252821199999062,20,100,0.8544973544973546,0.8601190476190479,0.8680272108843538
q,0.05,fair_greedy,14,141.13333333333333,0.8357142857142856,0.0863843010000096,20,100,0.8402116402116404,0.8357142857142856,0.8448979591836735
q,0.05,imm,14,146.13333333333333,0.8640211640211642,0.0845048699999893,20,100,0.8640211640211642,0.8755952380952381,0.8707482993197275
q,0.05,robust_kempe,14,141.96666666666667,0.831746031746032,0.08429701900001874,13,65,0.831746031746032,0.8458333333333333,0.8612244897959181
q,0.05,mf_bwi_fair,14,146.93333333333334,0.8578231292517007,1.1816679300000033,,,0.8862433862433863,0.876190476190476,0.8578231292517007
q,0.05,repeated_greedy,14,147.63333333333333,0.8707482993197281,14.825602615000037,,,0.8904761904761906,0.872619047619048,0.8707482993197281
q,0.1,kkt_greedy,14,136.86666666666667,0.8047619047619048,0.08177209500001936,20,100,0.8132275132275134,0.8047619047619048,0.827891156462585
q,0.1,fair_greedy,14,139.5,0.8244897959183672,0.08433855200001972,20,100,0.8333333333333336,0.8321428571428572,0.8244897959183672
q,0.1,imm,14,138.1,0.7973544973544976,0.08147084099999802,20,100,0.7973544973544976,0.8386904761904759,0.8346938775510203
q,0.1,robust_kempe,14,133.2,0.775,0.0959143919999974,13,65,0.7984126984126987,0.775,0.8061224489795918
q,0.1,mf_bwi_fair,14,147.0,0.869642857142857,1.1695710420000296,,,0.870899470899471,0.869642857142857,0.8863945578231293
q,0.1,repeated_greedy,14,147.1,0.8557823129251698,13.774656285999981,,,0.8783068783068784,0.8898809523809527,0.8557823129251698
q,0.2,kkt_greedy,14,126.96666666666667,0.7285714285714285,0.07674827499999992,20,100,0.7835978835978838,0.7482142857142858,0.7285714285714285
q,0.2,fair_greedy,14,131.3,0.7671957671957675,0.08273838099995601,20,100,0.7671957671957675,0.769047619047619,0.8142857142857144
q,0.2,imm,14,131.9,0.7744047619047619,0.08459589900002129,20,100,0.8000000000000004,0.7744047619047619,0.7782312925170067
q,0.2,robust_kempe,14,128.8,0.7639455782312924,0.06343798499995046,13,65,0.7645502645502648,0.7714285714285715,0.7639455782312924
q,0.2,mf_bwi_fair,14,146.13333333333333,0.8577380952380955,0.9632058189999952,,,0.86984126984127,0.8577380952380955,0.8836734693877553
q,0.2,repeated_greedy,14,140.33333333333334,0.8163265306122448,14.552646690000017,,,0.8497354497354499,0.8357142857142855,0.8163265306122448
q,0.4,kkt_greedy,14,110.8,0.6321428571428572,0.06567605500003992,20,100,0.6560846560846562,0.6321428571428572,0.6952380952380951
q,0.4,fair_greedy,14,107.46666666666667,0.625595238095238,0.0651382579999904,20,100,0.6306878306878309,0.625595238095238,0.6673469387755101
q,0.4,imm,14,107.83333333333333,0.6296296296296297,0.06689656999998306,20,100,0.6296296296296297,0.6446428571428571,0.6544217687074831
q,0.4,robust_kempe,14,105.23333333333333,0.6153439153439155,0.062272570000004634,13,65,0.6153439153439155,0.6464285714285715,0.6176870748299321
q,0.4,mf_bwi_fair,14,138.7,0.8184523809523808,1.1758044740000173,,,0.8195767195767198,0.8184523809523808,0.8414965986394558
q,0.4,repeated_greedy,14,135.83333333333334,0.7925925925925928,13.459354228999985,,,0.7925925925925928,0.8333333333333334,0.8006802721088434
